Capacity Factor A,Capacity Factor F,FFTT Factor,TSTT,Total Demand,Average Time (min),Average Distance (m),Congestion(%),Weighted Link Congestion,Weighted VC Ratio,Vehicle Kilometres Travelled
0.6,0.7,1.0,5422.040335600442,34185.50000000002,9.475053691408087,6892.523808156222,16.144384487052488,1.0683382637313505,0.39264756845454696,236296.76256520848