Capacity Factor A,Capacity Factor F,FFTT Factor,TSTT,Total Demand,Average Time (min),Average Distance (m),Congestion(%),Weighted Link Congestion,Weighted VC Ratio,Vehicle Kilometres Travelled
0.6,0.7,1.0,6219.753313083204,38185.50000000005,9.724492802442168,7012.996419891953,18.587648311297734,1.0799660092858934,0.43331856101014865,267862.2846480242