Capacity Factor A,Capacity Factor F,FFTT Factor,TSTT,Total Demand,Average Time (min),Average Distance (m),Congestion(%),Weighted Link Congestion,Weighted VC Ratio,Vehicle Kilometres Travelled
0.6,0.7,1.0,63971.77270332667,91185.49999999988,41.88753224260771,7967.369501753189,566.0512109766474,2.91659727018833,1.1813986359308732,739389.250781238