Capacity Factor A,Capacity Factor F,FFTT Factor,TSTT,Total Demand,Average Time (min),Average Distance (m),Congestion(%),Weighted Link Congestion,Weighted VC Ratio,Vehicle Kilometres Travelled
0.6,0.7,1.0,1121548.6320443735,898384.0000000052,74.53405484556048,18039.402912436966,363.304331372455,2.8840781158107234,1.457766856555083,1.633201161063186E7