Capacity Factor A,Capacity Factor F,FFTT Factor,TSTT,Total Demand,Average Time (min),Average Distance (m),Congestion(%),Weighted Link Congestion,Weighted VC Ratio,Vehicle Kilometres Travelled
0.6,0.7,1.0,92488.16835812839,438020.0000000008,12.60646573239276,10846.720815856848,51.54774539324216,1.2400160499870987,0.5933643435773654,4773620.382000034