Capacity Factor A,Capacity Factor F,FFTT Factor,TSTT,Total Demand,Average Time (min),Average Distance (m),Congestion(%),Weighted Link Congestion,Weighted VC Ratio,Vehicle Kilometres Travelled
0.6,0.7,1.0,30272.55625867931,207199.99999999962,8.72329149141307,6010.382900611544,45.15510478077698,1.2158943826845796,0.6220650029978099,1248742.0711917