Capacity Factor A,Capacity Factor F,FFTT Factor,TSTT,Total Demand,Average Time (min),Average Distance (m),Congestion(%),Weighted Link Congestion,Weighted VC Ratio,Vehicle Kilometres Travelled
0.6,0.7,1.0,13848.506580760295,65185.49999999989,12.685146849724605,7113.063544415567,48.5477794502096,1.2977253094625145,0.7342510761057356,467210.81219767884