Capacity Factor A,Capacity Factor F,FFTT Factor,TSTT,Total Demand,Average Time (min),Average Distance (m),Congestion(%),Weighted Link Congestion,Weighted VC Ratio,Vehicle Kilometres Travelled
0.6,0.7,1.0,28831.442930285866,85185.49999999996,20.20807417130288,7506.03950200652,158.2722933513977,1.7957811010270868,0.9988563194146736,643395.2210548895