Capacity Factor A,Capacity Factor F,FFTT Factor,TSTT,Total Demand,Average Time (min),Average Distance (m),Congestion(%),Weighted Link Congestion,Weighted VC Ratio,Vehicle Kilometres Travelled
0.6,0.7,1.0,5582.259648058495,36185.499999999985,9.213758422011326,6795.220690451044,14.866905912768736,1.0674001512421996,0.40078635805553947,246824.00036525202