Capacity Factor A,Capacity Factor F,FFTT Factor,TSTT,Total Demand,Average Time (min),Average Distance (m),Congestion(%),Weighted Link Congestion,Weighted VC Ratio,Vehicle Kilometres Travelled
0.6,0.7,1.0,47572.871777855,82185.49999999948,34.56253220346351,8425.774016243911,412.2428384070827,2.4181181933791382,1.0889105343589023,696904.7921248769