Capacity Factor A,Capacity Factor F,FFTT Factor,TSTT,Total Demand,Average Time (min),Average Distance (m),Congestion(%),Weighted Link Congestion,Weighted VC Ratio,Vehicle Kilometres Travelled
0.6,0.7,1.0,6815.203335106456,38185.50000000005,10.660077369587551,6981.891958706636,41.76587240498408,1.10898683624723,0.4339040442265776,267952.76798949635