Capacity Factor A,Capacity Factor F,FFTT Factor,TSTT,Total Demand,Average Time (min),Average Distance (m),Congestion(%),Weighted Link Congestion,Weighted VC Ratio,Vehicle Kilometres Travelled
0.6,0.7,1.0,5989.469224520092,35185.500000000065,10.164280653619144,6924.19499262523,34.669391583521424,1.087655022347177,0.39202849439966975,244451.5256075845