Capacity Factor A,Capacity Factor F,FFTT Factor,TSTT,Total Demand,Average Time (min),Average Distance (m),Congestion(%),Weighted Link Congestion,Weighted VC Ratio,Vehicle Kilometres Travelled
0.6,0.7,1.0,65474.51835337356,91185.49999999988,42.868305694148596,8203.676849545493,574.7614745573251,2.970089622879077,1.196754525231152,754684.8882686485