Capacity Factor A,Capacity Factor F,FFTT Factor,TSTT,Total Demand,Average Time (min),Average Distance (m),Congestion(%),Weighted Link Congestion,Weighted VC Ratio,Vehicle Kilometres Travelled
0.6,0.7,1.0,38279.052808551925,254200.0000000002,8.991186854507271,7526.464834720754,35.61659735502689,1.1479179282953735,0.5633019086450347,1920968.7094199653