Capacity Factor A,Capacity Factor F,FFTT Factor,TSTT,Total Demand,Average Time (min),Average Distance (m),Congestion(%),Weighted Link Congestion,Weighted VC Ratio,Vehicle Kilometres Travelled
0.6,0.7,1.0,85871.81712151009,361932.0000000009,14.167415477875247,6685.416366277726,118.27391095872595,1.6123617118873903,1.0329067980272122,2432053.4204593543