Capacity Factor A,Capacity Factor F,FFTT Factor,TSTT,Total Demand,Average Time (min),Average Distance (m),Congestion(%),Weighted Link Congestion,Weighted VC Ratio,Vehicle Kilometres Travelled
0.6,0.7,1.0,36440.52191715997,238921.99999999962,9.108664057379176,8475.360102023966,12.75726303021023,1.0743605540428203,0.46100235294730046,2023886.397712008