Capacity Factor A,Capacity Factor F,FFTT Factor,TSTT,Total Demand,Average Time (min),Average Distance (m),Congestion(%),Weighted Link Congestion,Weighted VC Ratio,Vehicle Kilometres Travelled
0.6,0.7,1.0,227826.20955416447,312409.99999999866,43.550588131890066,8380.315057611853,429.70798865059123,4.010858443536691,1.6049655734289137,2641393.2533607963