Capacity Factor A,Capacity Factor F,FFTT Factor,TSTT,Total Demand,Average Time (min),Average Distance (m),Congestion(%),Weighted Link Congestion,Weighted VC Ratio,Vehicle Kilometres Travelled
0.6,0.7,1.0,746825.2999190643,794999.999999998,56.08649736626695,11259.638230670664,449.4777258940231,3.8387375331621003,1.4784921216888753,9044576.791183759