Capacity Factor A,Capacity Factor F,FFTT Factor,TSTT,Total Demand,Average Time (min),Average Distance (m),Congestion(%),Weighted Link Congestion,Weighted VC Ratio,Vehicle Kilometres Travelled
0.6,0.7,1.0,7009.463273679777,42185.49999999998,9.921193118215637,7002.843957308404,19.403833018311477,1.0972888040192523,0.47593109451880267,296875.7311821931