Capacity Factor A,Capacity Factor F,FFTT Factor,TSTT,Total Demand,Average Time (min),Average Distance (m),Congestion(%),Weighted Link Congestion,Weighted VC Ratio,Vehicle Kilometres Travelled
0.6,0.7,1.0,38714.36045845461,79185.49999999974,29.190946470261782,7909.256882403603,343.07060046708557,2.163744287453107,1.0173508748675402,634564.0084571313