Capacity Factor A,Capacity Factor F,FFTT Factor,TSTT,Total Demand,Average Time (min),Average Distance (m),Congestion(%),Weighted Link Congestion,Weighted VC Ratio,Vehicle Kilometres Travelled
0.6,0.7,1.0,9094.03564857698,51185.49999999988,10.607544992803751,7107.8677898221,27.293730791268732,1.1527094785895655,0.5715744971508617,360953.59616136766