Capacity Factor A,Capacity Factor F,FFTT Factor,TSTT,Total Demand,Average Time (min),Average Distance (m),Congestion(%),Weighted Link Congestion,Weighted VC Ratio,Vehicle Kilometres Travelled
0.6,0.7,1.0,6099.042184111646,38185.50000000005,9.541831519895432,6919.919426587605,15.678980441232216,1.0754019787345195,0.43118697097821473,265365.92558041273