Capacity Factor A,Capacity Factor F,FFTT Factor,TSTT,Total Demand,Average Time (min),Average Distance (m),Congestion(%),Weighted Link Congestion,Weighted VC Ratio,Vehicle Kilometres Travelled
0.6,0.7,1.0,47498.20875157889,96185.4999999998,29.492070299057772,8294.460003893219,223.76243720157527,2.380172945962086,1.2172332993814343,795158.6802447283