Capacity Factor A,Capacity Factor F,FFTT Factor,TSTT,Total Demand,Average Time (min),Average Distance (m),Congestion(%),Weighted Link Congestion,Weighted VC Ratio,Vehicle Kilometres Travelled
0.6,0.7,1.0,30452.857207574172,74185.49999999991,24.51227363118126,7763.105487709423,267.0154112735124,1.8949205388834762,0.9368231982438492,579007.4280823736