Capacity Factor A,Capacity Factor F,FFTT Factor,TSTT,Total Demand,Average Time (min),Average Distance (m),Congestion(%),Weighted Link Congestion,Weighted VC Ratio,Vehicle Kilometres Travelled
0.6,0.7,1.0,24793.640652071128,116096.00000000007,12.756456850321202,13733.005181371389,9.499264415017938,1.0420196977018266,0.3641854855424044,1598280.219447465