Capacity Factor A,Capacity Factor F,FFTT Factor,TSTT,Total Demand,Average Time (min),Average Distance (m),Congestion(%),Weighted Link Congestion,Weighted VC Ratio,Vehicle Kilometres Travelled
0.6,0.7,1.0,36929.825923879784,89185.5000000003,24.72556406036814,8607.318497765425,173.7583569390208,2.0487052960422223,1.115664255566946,725167.4510470325