Capacity Factor A,Capacity Factor F,FFTT Factor,TSTT,Total Demand,Average Time (min),Average Distance (m),Congestion(%),Weighted Link Congestion,Weighted VC Ratio,Vehicle Kilometres Travelled
0.6,0.7,1.0,138384.87070012328,280096.00000000274,29.498961434174113,14058.994887498578,158.63634894554593,1.8165609866112025,0.9679397379643594,3971219.6298370007