Capacity Factor A,Capacity Factor F,FFTT Factor,TSTT,Total Demand,Average Time (min),Average Distance (m),Congestion(%),Weighted Link Congestion,Weighted VC Ratio,Vehicle Kilometres Travelled
0.6,0.7,1.0,12558.438598325536,61185.50000000003,12.255733595174787,7062.33522241901,43.92663458711845,1.260530786308648,0.6932260865449892,439617.02350118395