Capacity Factor A,Capacity Factor F,FFTT Factor,TSTT,Total Demand,Average Time (min),Average Distance (m),Congestion(%),Weighted Link Congestion,Weighted VC Ratio,Vehicle Kilometres Travelled
0.6,0.7,1.0,16017.459406446525,69185.49999999984,13.822882709917433,7279.387667570588,60.66284274219554,1.369827361540898,0.7893229942125773,506398.05806366185