Capacity Factor A,Capacity Factor F,FFTT Factor,TSTT,Total Demand,Average Time (min),Average Distance (m),Congestion(%),Weighted Link Congestion,Weighted VC Ratio,Vehicle Kilometres Travelled
0.6,0.7,1.0,5984.654488811499,34185.50000000002,10.452958784802188,6956.854115675013,35.56736717948121,1.0896572587936677,0.39053951234062667,240052.10817519503