Capacity Factor A,Capacity Factor F,FFTT Factor,TSTT,Total Demand,Average Time (min),Average Distance (m),Congestion(%),Weighted Link Congestion,Weighted VC Ratio,Vehicle Kilometres Travelled
0.6,0.7,1.0,7849.212135286903,46185.50000000006,10.151794261694324,6907.878378141388,24.454883306210505,1.1211043466660675,0.5097943087115884,321558.6339910103