Capacity Factor A,Capacity Factor F,FFTT Factor,TSTT,Total Demand,Average Time (min),Average Distance (m),Congestion(%),Weighted Link Congestion,Weighted VC Ratio,Vehicle Kilometres Travelled
0.6,0.7,1.0,8330.78175990206,46185.50000000006,10.770100128537017,7020.152440794213,29.386552261926813,1.1374401129840535,0.5250138473790401,327084.614022568