Capacity Factor A,Capacity Factor F,FFTT Factor,TSTT,Total Demand,Average Time (min),Average Distance (m),Congestion(%),Weighted Link Congestion,Weighted VC Ratio,Vehicle Kilometres Travelled
0.6,0.7,1.0,247570.30090870472,523700.0000000014,28.22814980010622,7856.329060816386,319.49107821751284,2.7858667165580515,1.2923829986866393,4132752.0237496314