Capacity Factor A,Capacity Factor F,FFTT Factor,TSTT,Total Demand,Average Time (min),Average Distance (m),Congestion(%),Weighted Link Congestion,Weighted VC Ratio,Vehicle Kilometres Travelled
0.6,0.7,1.0,121323.16899197348,347059.9999999998,20.87325031393571,6349.936426459145,239.3906794524535,2.282294329357703,1.1109652515842157,2232687.35675636