Capacity Factor A,Capacity Factor F,FFTT Factor,TSTT,Total Demand,Average Time (min),Average Distance (m),Congestion(%),Weighted Link Congestion,Weighted VC Ratio,Vehicle Kilometres Travelled
0.6,0.7,1.0,51005.04504249525,261589.9999999997,11.642678217498197,6158.510290922827,91.3755338145997,1.46332147189197,0.803247167601971,1618599.4424204675