Capacity Factor A,Capacity Factor F,FFTT Factor,TSTT,Total Demand,Average Time (min),Average Distance (m),Congestion(%),Weighted Link Congestion,Weighted VC Ratio,Vehicle Kilometres Travelled
0.6,0.7,1.0,24555.848787977422,67185.5000000001,21.821246824372384,7805.584216149434,205.04791828646353,1.690511546428831,0.8603833174611539,536365.6187869565