Capacity Factor A,Capacity Factor F,FFTT Factor,TSTT,Total Demand,Average Time (min),Average Distance (m),Congestion(%),Weighted Link Congestion,Weighted VC Ratio,Vehicle Kilometres Travelled
0.6,0.7,1.0,118455.25511512735,499460.00000000093,14.161804979818141,8249.875252778651,80.92725103805934,1.3793878961560055,0.8517095182224703,4136159.477206314