Capacity Factor A,Capacity Factor F,FFTT Factor,TSTT,Total Demand,Average Time (min),Average Distance (m),Congestion(%),Weighted Link Congestion,Weighted VC Ratio,Vehicle Kilometres Travelled
0.6,0.7,1.0,12292.16841299418,57185.500000000015,12.834219036538133,7221.379153267984,55.891298368620454,1.2509405513404703,0.6505497275540207,415868.5013525139