Capacity Factor A,Capacity Factor F,FFTT Factor,TSTT,Total Demand,Average Time (min),Average Distance (m),Congestion(%),Weighted Link Congestion,Weighted VC Ratio,Vehicle Kilometres Travelled
0.6,0.7,1.0,798631.4858801367,886464.0000000005,53.7874130188708,8596.73944022865,582.6321711393516,4.231368248052345,1.6036103575295488,7660712.85333762