Capacity Factor A,Capacity Factor F,FFTT Factor,TSTT,Total Demand,Average Time (min),Average Distance (m),Congestion(%),Weighted Link Congestion,Weighted VC Ratio,Vehicle Kilometres Travelled
0.6,0.7,1.0,16377.471494757667,58185.50000000001,16.806844180496483,7582.616634650586,127.14798784542185,1.4118886802433617,0.7206785246718506,447373.1531026136