Capacity Factor A,Capacity Factor F,FFTT Factor,TSTT,Total Demand,Average Time (min),Average Distance (m),Congestion(%),Weighted Link Congestion,Weighted VC Ratio,Vehicle Kilometres Travelled
0.6,0.7,1.0,834905.3697697603,830690.0000000043,60.005460586152694,17967.420594358267,273.11404453855374,2.3879351116380123,1.3306036436930506,1.497530662081833E7