Capacity Factor A,Capacity Factor F,FFTT Factor,TSTT,Total Demand,Average Time (min),Average Distance (m),Congestion(%),Weighted Link Congestion,Weighted VC Ratio,Vehicle Kilometres Travelled
0.6,0.7,1.0,8229.24772318942,48185.499999999876,10.196204265014579,6977.653498204354,26.869073072252814,1.1265656081380861,0.5275039197189624,338101.8556298883