Capacity Factor A,Capacity Factor F,FFTT Factor,TSTT,Total Demand,Average Time (min),Average Distance (m),Congestion(%),Weighted Link Congestion,Weighted VC Ratio,Vehicle Kilometres Travelled
0.6,0.7,1.0,7676.150050695225,40185.50000000004,11.405958448770681,7169.094301224437,49.11681515857747,1.131917805456142,0.4703235102903478,289407.5446479265