Capacity Factor A,Capacity Factor F,FFTT Factor,TSTT,Total Demand,Average Time (min),Average Distance (m),Congestion(%),Weighted Link Congestion,Weighted VC Ratio,Vehicle Kilometres Travelled
0.6,0.7,1.0,62990.72942461074,90185.49999999983,41.70002351029249,8373.838531066785,552.5390900494267,2.905060793601754,1.1905120154943176,745970.723910153