Capacity Factor A,Capacity Factor F,FFTT Factor,TSTT,Total Demand,Average Time (min),Average Distance (m),Congestion(%),Weighted Link Congestion,Weighted VC Ratio,Vehicle Kilometres Travelled
0.6,0.7,1.0,186867.04887515533,464781.9999999999,24.007188768124863,6840.9583106327855,271.9034500898589,2.521374899123313,1.3668512923449405,3188802.6591326552