Capacity Factor A,Capacity Factor F,FFTT Factor,TSTT,Total Demand,Average Time (min),Average Distance (m),Congestion(%),Weighted Link Congestion,Weighted VC Ratio,Vehicle Kilometres Travelled
0.6,0.7,1.0,60972.53546428073,279719.99999999965,13.016722953355321,6232.839210799718,113.03725464592387,1.5837481594209015,0.8671049503380761,1746379.7078065337