Capacity Factor A,Capacity Factor F,FFTT Factor,TSTT,Total Demand,Average Time (min),Average Distance (m),Congestion(%),Weighted Link Congestion,Weighted VC Ratio,Vehicle Kilometres Travelled
0.6,0.7,1.0,51694.19041920158,84185.49999999994,36.66114722431899,8589.715334836754,447.5743592593945,2.5422191493831248,1.120249238450951,713769.7747037205