Capacity Factor A,Capacity Factor F,FFTT Factor,TSTT,Total Demand,Average Time (min),Average Distance (m),Congestion(%),Weighted Link Congestion,Weighted VC Ratio,Vehicle Kilometres Travelled
0.6,0.7,1.0,17749.62971248611,73185.49999999988,14.481097437560164,7156.282115633428,67.16014624628241,1.4249610830936323,0.8367296895094173,533535.382239675