Capacity Factor A,Capacity Factor F,FFTT Factor,TSTT,Total Demand,Average Time (min),Average Distance (m),Congestion(%),Weighted Link Congestion,Weighted VC Ratio,Vehicle Kilometres Travelled
0.6,0.7,1.0,13947.074995669298,62185.50000000002,13.390891016422515,7240.87673126163,53.854180153177666,1.302882488940357,0.7232040030244132,456455.1207401009