Capacity Factor A,Capacity Factor F,FFTT Factor,TSTT,Total Demand,Average Time (min),Average Distance (m),Congestion(%),Weighted Link Congestion,Weighted VC Ratio,Vehicle Kilometres Travelled
0.6,0.7,1.0,18775.04387527001,63185.499999999854,17.739894865288427,7417.241444565308,153.25073262790508,1.5002844190007536,0.7695622779707771,479005.053704152