Capacity Factor A,Capacity Factor F,FFTT Factor,TSTT,Total Demand,Average Time (min),Average Distance (m),Congestion(%),Weighted Link Congestion,Weighted VC Ratio,Vehicle Kilometres Travelled
0.6,0.7,1.0,151548.88647114678,282409.9999999997,32.04017911012473,8345.69994750823,291.2020575103138,3.0242977447172024,1.442914134213118,2373530.1874802387