Capacity Factor A,Capacity Factor F,FFTT Factor,TSTT,Total Demand,Average Time (min),Average Distance (m),Congestion(%),Weighted Link Congestion,Weighted VC Ratio,Vehicle Kilometres Travelled
0.6,0.7,1.0,26676.700625381527,83185.49999999959,19.147002188810355,7367.370069352597,145.23150190600967,1.7226672517121098,0.9642405988715298,624102.6383695211