Capacity Factor A,Capacity Factor F,FFTT Factor,TSTT,Total Demand,Average Time (min),Average Distance (m),Congestion(%),Weighted Link Congestion,Weighted VC Ratio,Vehicle Kilometres Travelled
0.6,0.7,1.0,18937.044685771038,72185.49999999994,15.663212856076216,7287.698444657294,97.9923789426741,1.470862240723823,0.8297650658103075,536761.6345342391