Capacity Factor A,Capacity Factor F,FFTT Factor,TSTT,Total Demand,Average Time (min),Average Distance (m),Congestion(%),Weighted Link Congestion,Weighted VC Ratio,Vehicle Kilometres Travelled
0.6,0.7,1.0,5801.393979733233,34185.50000000002,10.140557018582161,6943.8491993812695,33.63335817114588,1.084864588664267,0.38422911955154865,238499.96166052448