Capacity Factor A,Capacity Factor F,FFTT Factor,TSTT,Total Demand,Average Time (min),Average Distance (m),Congestion(%),Weighted Link Congestion,Weighted VC Ratio,Vehicle Kilometres Travelled
0.6,0.7,1.0,212319.47081081578,481238.00000000146,26.344310114343486,6834.101272362508,308.41750302126957,2.7402002243318124,1.4200073857446047,3309909.397312769