Capacity Factor A,Capacity Factor F,FFTT Factor,TSTT,Total Demand,Average Time (min),Average Distance (m),Congestion(%),Weighted Link Congestion,Weighted VC Ratio,Vehicle Kilometres Travelled
0.6,0.7,1.0,30603.291253018888,72185.49999999994,25.31200265276837,8230.41738192347,261.2427622890009,1.8881565553474393,0.9356740589050451,588840.3036828031