Capacity Factor A,Capacity Factor F,FFTT Factor,TSTT,Total Demand,Average Time (min),Average Distance (m),Congestion(%),Weighted Link Congestion,Weighted VC Ratio,Vehicle Kilometres Travelled
0.6,0.7,1.0,40353.73530800537,90185.49999999983,26.71451210926905,8046.663312217582,230.05482776835913,2.1295154396797433,1.1124085075819092,741963.3213392434