Capacity Factor A,Capacity Factor F,FFTT Factor,TSTT,Total Demand,Average Time (min),Average Distance (m),Congestion(%),Weighted Link Congestion,Weighted VC Ratio,Vehicle Kilometres Travelled
0.6,0.7,1.0,38252.410533399765,90185.49999999983,25.324801728298873,8003.6899937667995,180.09925757322924,2.090462495636349,1.1303951776219032,735558.7202396292