Capacity Factor A,Capacity Factor F,FFTT Factor,TSTT,Total Demand,Average Time (min),Average Distance (m),Congestion(%),Weighted Link Congestion,Weighted VC Ratio,Vehicle Kilometres Travelled
0.6,0.7,1.0,18986.554181476728,73185.49999999988,15.490754244244888,7403.9358616033915,80.81895291893073,1.47080218268077,0.8535996687097698,537963.9492091184