Capacity Factor A,Capacity Factor F,FFTT Factor,TSTT,Total Demand,Average Time (min),Average Distance (m),Congestion(%),Weighted Link Congestion,Weighted VC Ratio,Vehicle Kilometres Travelled
0.6,0.7,1.0,88380.58571509986,96185.4999999998,54.85742185079039,8276.301966146451,738.0548677547384,3.600810577464194,1.3169612653501042,843362.5950707879