Capacity Factor A,Capacity Factor F,FFTT Factor,TSTT,Total Demand,Average Time (min),Average Distance (m),Congestion(%),Weighted Link Congestion,Weighted VC Ratio,Vehicle Kilometres Travelled
0.6,0.7,1.0,11214.416344169016,57185.500000000015,11.708231133585981,7055.93989118371,46.20450415875739,1.2185950540044035,0.6377418269425141,406135.39218228473