Capacity Factor A,Capacity Factor F,FFTT Factor,TSTT,Total Demand,Average Time (min),Average Distance (m),Congestion(%),Weighted Link Congestion,Weighted VC Ratio,Vehicle Kilometres Travelled
0.6,0.7,1.0,49506.63682182945,96185.4999999998,30.73017882208665,8069.870688005297,280.69874298922423,2.3955218229696555,1.1937395008596783,799070.6070836809