Capacity Factor A,Capacity Factor F,FFTT Factor,TSTT,Total Demand,Average Time (min),Average Distance (m),Congestion(%),Weighted Link Congestion,Weighted VC Ratio,Vehicle Kilometres Travelled
0.6,0.7,1.0,14770.383622033043,62185.50000000002,14.183154804376159,7419.199303693398,72.83658085523177,1.3281325831683324,0.7202953961383087,458883.85780683113