Capacity Factor A,Capacity Factor F,FFTT Factor,TSTT,Total Demand,Average Time (min),Average Distance (m),Congestion(%),Weighted Link Congestion,Weighted VC Ratio,Vehicle Kilometres Travelled
0.6,0.7,1.0,20629.135496217245,74185.49999999991,16.606207800805763,7491.275696937634,86.78105135331471,1.5165542763639184,0.8767784140465372,560224.5428371369