Capacity Factor A,Capacity Factor F,FFTT Factor,TSTT,Total Demand,Average Time (min),Average Distance (m),Congestion(%),Weighted Link Congestion,Weighted VC Ratio,Vehicle Kilometres Travelled
0.6,0.7,1.0,5593.640932585917,35185.500000000065,9.49343232505625,6922.4985029984555,16.417268756906324,1.0696666382880098,0.39801527818140486,242835.42195050642