Capacity Factor A,Capacity Factor F,FFTT Factor,TSTT,Total Demand,Average Time (min),Average Distance (m),Congestion(%),Weighted Link Congestion,Weighted VC Ratio,Vehicle Kilometres Travelled
0.6,0.7,1.0,18522.726249434385,69185.49999999984,15.984720361822603,7606.531073535736,83.25198061577316,1.4543514987739934,0.8214923018960381,519646.2224898772