Capacity Factor A,Capacity Factor F,FFTT Factor,TSTT,Total Demand,Average Time (min),Average Distance (m),Congestion(%),Weighted Link Congestion,Weighted VC Ratio,Vehicle Kilometres Travelled
0.6,0.7,1.0,13188.06279900317,61185.50000000003,12.87385144608115,7147.348415672567,60.56794073843772,1.2859128937063746,0.6937906028051188,442714.52284607553