Capacity Factor A,Capacity Factor F,FFTT Factor,TSTT,Total Demand,Average Time (min),Average Distance (m),Congestion(%),Weighted Link Congestion,Weighted VC Ratio,Vehicle Kilometres Travelled
0.6,0.7,1.0,6169.59357068795,39185.50000000003,9.401428332096007,6927.371956980348,16.753399564250305,1.077006486307886,0.43204953695054477,272077.44807332545