Capacity Factor A,Capacity Factor F,FFTT Factor,TSTT,Total Demand,Average Time (min),Average Distance (m),Congestion(%),Weighted Link Congestion,Weighted VC Ratio,Vehicle Kilometres Travelled
0.6,0.7,1.0,9966.720321457966,53185.499999999985,11.19077764609978,7164.351032218825,38.74467333589469,1.1819306144042239,0.5912991658191923,378238.0603105047