Capacity Factor A,Capacity Factor F,FFTT Factor,TSTT,Total Demand,Average Time (min),Average Distance (m),Congestion(%),Weighted Link Congestion,Weighted VC Ratio,Vehicle Kilometres Travelled
0.6,0.7,1.0,39380.90955537298,94185.49999999974,24.96872853890187,7737.658559252493,181.1011645279549,2.149239639294567,1.1542022749282859,744039.1226836063