Capacity Factor A,Capacity Factor F,FFTT Factor,TSTT,Total Demand,Average Time (min),Average Distance (m),Congestion(%),Weighted Link Congestion,Weighted VC Ratio,Vehicle Kilometres Travelled
0.6,0.7,1.0,41465.76752287298,277709.9999999999,8.917418174668494,10731.58885561779,13.038887494079088,1.0549742617726032,0.3611008062623471,2983767.3836285337