Capacity Factor A,Capacity Factor F,FFTT Factor,TSTT,Total Demand,Average Time (min),Average Distance (m),Congestion(%),Weighted Link Congestion,Weighted VC Ratio,Vehicle Kilometres Travelled
0.6,0.7,1.0,20634.85237098159,74185.49999999991,16.6085396149072,7687.258530408246,87.3197810471375,1.5160304315039308,0.8769795250043533,566249.7259537235