Capacity Factor A,Capacity Factor F,FFTT Factor,TSTT,Total Demand,Average Time (min),Average Distance (m),Congestion(%),Weighted Link Congestion,Weighted VC Ratio,Vehicle Kilometres Travelled
0.6,0.7,1.0,23393.361482504428,66185.49999999984,21.107302937042327,7916.849625600748,194.1346047104625,1.6496646320547674,0.8439096101126053,523059.1191897752