Capacity Factor A,Capacity Factor F,FFTT Factor,TSTT,Total Demand,Average Time (min),Average Distance (m),Congestion(%),Weighted Link Congestion,Weighted VC Ratio,Vehicle Kilometres Travelled
0.6,0.7,1.0,23186.835076662526,178709.99999999968,7.747940808951557,5915.083965100382,29.708404542156973,1.137559807275778,0.5300915421244543,1063717.1255744814