Capacity Factor A,Capacity Factor F,FFTT Factor,TSTT,Total Demand,Average Time (min),Average Distance (m),Congestion(%),Weighted Link Congestion,Weighted VC Ratio,Vehicle Kilometres Travelled
0.6,0.7,1.0,82644.89013521274,383094.0000000032,12.8794279510563,8739.628302550962,50.06436283435549,1.3222265915424738,0.7611471588406801,3343417.8047373244