Capacity Factor A,Capacity Factor F,FFTT Factor,TSTT,Total Demand,Average Time (min),Average Distance (m),Congestion(%),Weighted Link Congestion,Weighted VC Ratio,Vehicle Kilometres Travelled
0.6,0.7,1.0,133325.82046720918,462767.9999999992,17.200737121817422,8863.682128517437,94.66897490107742,1.6217951097358227,0.9390622308520594,4119330.8207997023