Capacity Factor A,Capacity Factor F,FFTT Factor,TSTT,Total Demand,Average Time (min),Average Distance (m),Congestion(%),Weighted Link Congestion,Weighted VC Ratio,Vehicle Kilometres Travelled
0.6,0.7,1.0,34278.70993477541,90185.49999999983,22.692505138417467,7628.246445936153,190.6864419970602,1.971213971990584,1.0668762707172315,690613.5742984684