Capacity Factor A,Capacity Factor F,FFTT Factor,TSTT,Total Demand,Average Time (min),Average Distance (m),Congestion(%),Weighted Link Congestion,Weighted VC Ratio,Vehicle Kilometres Travelled
0.6,0.7,1.0,25053.284861756107,80185.5000000001,18.653914537405853,7597.916678631841,136.52688752540075,1.6736597990114817,0.9456713808307952,609587.0910585623