Capacity Factor A,Capacity Factor F,FFTT Factor,TSTT,Total Demand,Average Time (min),Average Distance (m),Congestion(%),Weighted Link Congestion,Weighted VC Ratio,Vehicle Kilometres Travelled
0.6,0.7,1.0,29707.89628788371,83185.49999999959,21.326909211915112,7900.762005897914,138.79460255599182,1.8136878953265942,1.019188324752934,663046.2331170149