Capacity Factor A,Capacity Factor F,FFTT Factor,TSTT,Total Demand,Average Time (min),Average Distance (m),Congestion(%),Weighted Link Congestion,Weighted VC Ratio,Vehicle Kilometres Travelled
0.6,0.7,1.0,45704.90687336102,297260.00000000163,9.182945117278644,10697.41174717644,15.796379454614872,1.067568274423247,0.3886202244215873,3197759.338505783