Capacity Factor A,Capacity Factor F,FFTT Factor,TSTT,Total Demand,Average Time (min),Average Distance (m),Congestion(%),Weighted Link Congestion,Weighted VC Ratio,Vehicle Kilometres Travelled
0.6,0.7,1.0,17182.08351799695,66185.49999999984,15.507219201151019,7443.536627866933,89.53221262363928,1.4076622315975311,0.7780450224352266,498477.7764369104