Capacity Factor A,Capacity Factor F,FFTT Factor,TSTT,Total Demand,Average Time (min),Average Distance (m),Congestion(%),Weighted Link Congestion,Weighted VC Ratio,Vehicle Kilometres Travelled
0.6,0.7,1.0,224276.42538432564,572400.0000000007,23.392817669322785,11111.05410869238,133.1614330413879,1.811390226718022,1.0349319139638293,6378407.469957036