Capacity Factor A,Capacity Factor F,FFTT Factor,TSTT,Total Demand,Average Time (min),Average Distance (m),Congestion(%),Weighted Link Congestion,Weighted VC Ratio,Vehicle Kilometres Travelled
0.6,0.7,1.0,14575.053853075207,65185.49999999989,13.350713717589988,7207.064348109087,58.11916787081224,1.325165134547791,0.7405724499346199,470118.40676978295