Capacity Factor A,Capacity Factor F,FFTT Factor,TSTT,Total Demand,Average Time (min),Average Distance (m),Congestion(%),Weighted Link Congestion,Weighted VC Ratio,Vehicle Kilometres Travelled
0.6,0.7,1.0,983053.3721689823,930158.0000000069,63.09897889248015,8673.269791236875,700.5790467877691,4.908594202726244,1.689137571449621,8060447.758068081