Capacity Factor A,Capacity Factor F,FFTT Factor,TSTT,Total Demand,Average Time (min),Average Distance (m),Congestion(%),Weighted Link Congestion,Weighted VC Ratio,Vehicle Kilometres Travelled
0.6,0.7,1.0,9094.382179296555,51185.49999999988,10.60976055284952,6969.223874502235,32.2653762917769,1.1516863886712856,0.5619092480869015,360788.1756297257