Capacity Factor A,Capacity Factor F,FFTT Factor,TSTT,Total Demand,Average Time (min),Average Distance (m),Congestion(%),Weighted Link Congestion,Weighted VC Ratio,Vehicle Kilometres Travelled
0.6,0.7,1.0,39498.67764223596,78185.49999999978,30.173510888395832,8022.130353702883,342.7660322502122,2.1642566294038343,1.0193894462013462,649532.0058301318