Capacity Factor A,Capacity Factor F,FFTT Factor,TSTT,Total Demand,Average Time (min),Average Distance (m),Congestion(%),Weighted Link Congestion,Weighted VC Ratio,Vehicle Kilometres Travelled
0.6,0.7,1.0,19585.928166218706,73185.49999999988,15.97954564950548,7350.00441659279,102.25493278666403,1.4920030600028416,0.8430627663277591,545652.9929719713