Capacity Factor A,Capacity Factor F,FFTT Factor,TSTT,Total Demand,Average Time (min),Average Distance (m),Congestion(%),Weighted Link Congestion,Weighted VC Ratio,Vehicle Kilometres Travelled
0.6,0.7,1.0,8712.158685455097,47185.49999999997,11.024185476026533,7096.314053368861,31.827100346289527,1.1507370494978328,0.5414350107143331,335973.0365224552