Capacity Factor A,Capacity Factor F,FFTT Factor,TSTT,Total Demand,Average Time (min),Average Distance (m),Congestion(%),Weighted Link Congestion,Weighted VC Ratio,Vehicle Kilometres Travelled
0.6,0.7,1.0,65104.787199667604,89185.5000000003,43.583687656322205,8393.93668793566,556.6461449932019,2.9461586188041213,1.2070307473930322,770899.8402743323