Capacity Factor A,Capacity Factor F,FFTT Factor,TSTT,Total Demand,Average Time (min),Average Distance (m),Congestion(%),Weighted Link Congestion,Weighted VC Ratio,Vehicle Kilometres Travelled
0.6,0.7,1.0,7390.973246970149,44185.49999999998,9.987466867638577,6888.129743196182,22.70927689276356,1.1104346434730945,0.4906462332571555,306146.13521155214