Capacity Factor A,Capacity Factor F,FFTT Factor,TSTT,Total Demand,Average Time (min),Average Distance (m),Congestion(%),Weighted Link Congestion,Weighted VC Ratio,Vehicle Kilometres Travelled
0.6,0.7,1.0,17036.824447311763,112409.99999999953,9.058144635247768,7755.053050107,16.197671360435773,1.0934059592266159,0.552509861091768,873808.4724562826