Capacity Factor A,Capacity Factor F,FFTT Factor,TSTT,Total Demand,Average Time (min),Average Distance (m),Congestion(%),Weighted Link Congestion,Weighted VC Ratio,Vehicle Kilometres Travelled
0.6,0.7,1.0,31771.685347286497,212379.99999999956,8.932631814417922,5989.391414437568,48.374921126472834,1.2330624700464006,0.6388796919783456,1283437.4313930862