Capacity Factor A,Capacity Factor F,FFTT Factor,TSTT,Total Demand,Average Time (min),Average Distance (m),Congestion(%),Weighted Link Congestion,Weighted VC Ratio,Vehicle Kilometres Travelled
0.6,0.7,1.0,16962.627665315304,66185.49999999984,15.301487159564877,7452.702116054891,87.69996999287099,1.395362599933751,0.766030875525663,494964.1774236556