Capacity Factor A,Capacity Factor F,FFTT Factor,TSTT,Total Demand,Average Time (min),Average Distance (m),Congestion(%),Weighted Link Congestion,Weighted VC Ratio,Vehicle Kilometres Travelled
0.6,0.7,1.0,174137.86351388932,300095.9999999997,34.64582955438194,14137.37211364394,204.59171876618086,2.0657913738219396,1.0479903095167922,4273163.818567095