Capacity Factor A,Capacity Factor F,FFTT Factor,TSTT,Total Demand,Average Time (min),Average Distance (m),Congestion(%),Weighted Link Congestion,Weighted VC Ratio,Vehicle Kilometres Travelled
0.6,0.7,1.0,37246.24549482857,88185.50000000006,25.220574072865112,8160.269225716937,212.68405389162356,2.0288011040708613,1.0744943082378495,721231.6507215683