Capacity Factor A,Capacity Factor F,FFTT Factor,TSTT,Total Demand,Average Time (min),Average Distance (m),Congestion(%),Weighted Link Congestion,Weighted VC Ratio,Vehicle Kilometres Travelled
0.6,0.7,1.0,71284.31492946547,295259.9999999996,14.415272867631248,6239.278046439196,135.24602963482732,1.707101610539775,0.922942984813389,1857326.715753058