Capacity Factor A,Capacity Factor F,FFTT Factor,TSTT,Total Demand,Average Time (min),Average Distance (m),Congestion(%),Weighted Link Congestion,Weighted VC Ratio,Vehicle Kilometres Travelled
0.6,0.7,1.0,6273.140721664382,35185.500000000065,10.647990508647535,7024.402440607756,38.088739747787415,1.0977337570869041,0.4056436493323773,248685.54011895167