Capacity Factor A,Capacity Factor F,FFTT Factor,TSTT,Total Demand,Average Time (min),Average Distance (m),Congestion(%),Weighted Link Congestion,Weighted VC Ratio,Vehicle Kilometres Travelled
0.6,0.7,1.0,145133.67238246338,543154.0000000038,15.953139201488348,8314.817050410675,103.62869987858944,1.503663095171057,0.9353281342948494,4528062.355815839