Capacity Factor A,Capacity Factor F,FFTT Factor,TSTT,Total Demand,Average Time (min),Average Distance (m),Congestion(%),Weighted Link Congestion,Weighted VC Ratio,Vehicle Kilometres Travelled
0.6,0.7,1.0,18741.904687222857,61185.50000000003,18.288359278883473,7754.174786737488,149.68812652594025,1.493662980213014,0.7701521143742303,475654.3173849254