Capacity Factor A,Capacity Factor F,FFTT Factor,TSTT,Total Demand,Average Time (min),Average Distance (m),Congestion(%),Weighted Link Congestion,Weighted VC Ratio,Vehicle Kilometres Travelled
0.6,0.7,1.0,13281.645009041391,59185.50000000013,13.400967241049397,7238.231875830625,62.62415411267295,1.2825768841482403,0.6809656448799044,432612.60333347326