Capacity Factor A,Capacity Factor F,FFTT Factor,TSTT,Total Demand,Average Time (min),Average Distance (m),Congestion(%),Weighted Link Congestion,Weighted VC Ratio,Vehicle Kilometres Travelled
0.6,0.7,1.0,21646.991375635367,77185.50000000001,16.74387309776277,7467.927359678955,93.90963246414887,1.5603832281464176,0.908165203053246,573119.5891410091