Capacity Factor A,Capacity Factor F,FFTT Factor,TSTT,Total Demand,Average Time (min),Average Distance (m),Congestion(%),Weighted Link Congestion,Weighted VC Ratio,Vehicle Kilometres Travelled
0.6,0.7,1.0,109443.73266780048,394844.0,16.552819481364534,6791.357011394946,155.42249628843444,1.8294842334506554,1.1400503246919775,2673530.8472425737