Capacity Factor A,Capacity Factor F,FFTT Factor,TSTT,Total Demand,Average Time (min),Average Distance (m),Congestion(%),Weighted Link Congestion,Weighted VC Ratio,Vehicle Kilometres Travelled
0.6,0.7,1.0,22353.585758457233,65185.49999999989,20.47649762942618,7959.152197878997,184.36519339144573,1.6148482792844763,0.8292797962076568,513776.49875561136