Capacity Factor A,Capacity Factor F,FFTT Factor,TSTT,Total Demand,Average Time (min),Average Distance (m),Congestion(%),Weighted Link Congestion,Weighted VC Ratio,Vehicle Kilometres Travelled
0.6,0.7,1.0,21485.353643419938,76185.49999999993,16.84139263633476,7444.430428859172,94.99816620692015,1.5585361735195447,0.9008049026378381,572364.8240436695