Capacity Factor A,Capacity Factor F,FFTT Factor,TSTT,Total Demand,Average Time (min),Average Distance (m),Congestion(%),Weighted Link Congestion,Weighted VC Ratio,Vehicle Kilometres Travelled
0.6,0.7,1.0,34623.48616504974,238799.99999999933,8.65855396061973,7527.500448416497,30.543020429176202,1.1237696494718379,0.5246527471683212,1801251.0880639937