Capacity Factor A,Capacity Factor F,FFTT Factor,TSTT,Total Demand,Average Time (min),Average Distance (m),Congestion(%),Weighted Link Congestion,Weighted VC Ratio,Vehicle Kilometres Travelled
0.6,0.7,1.0,18864.96970710711,63185.499999999854,17.830051610368333,7546.074600382108,153.89792793405866,1.505661027055509,0.7765586036438529,479245.1990835662