Capacity Factor A,Capacity Factor F,FFTT Factor,TSTT,Total Demand,Average Time (min),Average Distance (m),Congestion(%),Weighted Link Congestion,Weighted VC Ratio,Vehicle Kilometres Travelled
0.6,0.7,1.0,26124.4664066396,83185.49999999959,18.751194575409517,7357.963714044086,115.18421516898343,1.7083280210066114,0.9849472854609707,626593.6068322695