Capacity Factor A,Capacity Factor F,FFTT Factor,TSTT,Total Demand,Average Time (min),Average Distance (m),Congestion(%),Weighted Link Congestion,Weighted VC Ratio,Vehicle Kilometres Travelled
0.6,0.7,1.0,18993.19873826122,69185.49999999984,16.3906577248314,7503.211455500839,100.83267226186075,1.4623262109604829,0.8128235990508265,522081.187986111