Capacity Factor A,Capacity Factor F,FFTT Factor,TSTT,Total Demand,Average Time (min),Average Distance (m),Congestion(%),Weighted Link Congestion,Weighted VC Ratio,Vehicle Kilometres Travelled
0.6,0.7,1.0,21826.23634965107,73185.49999999988,17.807060262700862,7575.856011123409,118.65730490863653,1.552050786558889,0.8664446558346875,562205.4590974784