Capacity Factor A,Capacity Factor F,FFTT Factor,TSTT,Total Demand,Average Time (min),Average Distance (m),Congestion(%),Weighted Link Congestion,Weighted VC Ratio,Vehicle Kilometres Travelled
0.6,0.7,1.0,8928.913306971861,48185.499999999876,11.0638301992453,7074.928487397303,34.022671944033675,1.1525439632534662,0.5449400921124017,344803.32936238893