Capacity Factor A,Capacity Factor F,FFTT Factor,TSTT,Total Demand,Average Time (min),Average Distance (m),Congestion(%),Weighted Link Congestion,Weighted VC Ratio,Vehicle Kilometres Travelled
0.6,0.7,1.0,164615.70876700117,514099.999999999,19.121750565961797,11008.432756600987,91.94679917342512,1.5506521048748882,0.9208009003649706,5688973.485462466