Capacity Factor A,Capacity Factor F,FFTT Factor,TSTT,Total Demand,Average Time (min),Average Distance (m),Congestion(%),Weighted Link Congestion,Weighted VC Ratio,Vehicle Kilometres Travelled
0.6,0.7,1.0,5754.092964369711,34185.50000000002,10.0524491283234,6895.482622534803,32.77296491001582,1.081980485277174,0.38312471079576066,236798.90269391684