Capacity Factor A,Capacity Factor F,FFTT Factor,TSTT,Total Demand,Average Time (min),Average Distance (m),Congestion(%),Weighted Link Congestion,Weighted VC Ratio,Vehicle Kilometres Travelled
0.6,0.7,1.0,14280.236530233973,56185.50000000003,15.174897499427956,7491.365738631484,107.53803016481287,1.350161303510726,0.6870697382680969,421510.0384311135