Capacity Factor A,Capacity Factor F,FFTT Factor,TSTT,Total Demand,Average Time (min),Average Distance (m),Congestion(%),Weighted Link Congestion,Weighted VC Ratio,Vehicle Kilometres Travelled
0.6,0.7,1.0,34187.960892464485,89185.5000000003,22.888853907542515,7866.191626624788,192.0121162724609,1.967824976525115,1.0672651973133516,696789.941537067