Capacity Factor A,Capacity Factor F,FFTT Factor,TSTT,Total Demand,Average Time (min),Average Distance (m),Congestion(%),Weighted Link Congestion,Weighted VC Ratio,Vehicle Kilometres Travelled
0.6,0.7,1.0,49165.75536550736,96185.4999999998,30.520121480516107,8315.29855917794,279.026222579689,2.378297769989453,1.184146825296536,798002.7823720302