Capacity Factor A,Capacity Factor F,FFTT Factor,TSTT,Total Demand,Average Time (min),Average Distance (m),Congestion(%),Weighted Link Congestion,Weighted VC Ratio,Vehicle Kilometres Travelled
0.6,0.7,1.0,13171.168116608029,59185.50000000013,13.288654569799247,7293.822479669881,54.800215398984875,1.2827857898472714,0.6914685394043598,431850.87003829866