Capacity Factor A,Capacity Factor F,FFTT Factor,TSTT,Total Demand,Average Time (min),Average Distance (m),Congestion(%),Weighted Link Congestion,Weighted VC Ratio,Vehicle Kilometres Travelled
0.6,0.7,1.0,8293.252214907718,47185.49999999997,10.49653020099239,7025.852057097217,24.94689173563296,1.1294492403691272,0.5347088824055448,334056.5329997263