Capacity Factor A,Capacity Factor F,FFTT Factor,TSTT,Total Demand,Average Time (min),Average Distance (m),Congestion(%),Weighted Link Congestion,Weighted VC Ratio,Vehicle Kilometres Travelled
0.6,0.7,1.0,9930.001980269355,52185.499999999774,11.360679583726474,7085.892719779919,33.26471167210778,1.1787879129188867,0.5973014702732204,373890.7845086713