Capacity Factor A,Capacity Factor F,FFTT Factor,TSTT,Total Demand,Average Time (min),Average Distance (m),Congestion(%),Weighted Link Congestion,Weighted VC Ratio,Vehicle Kilometres Travelled
0.6,0.7,1.0,43816.36717153072,94185.49999999974,27.777355573867414,8126.739287970813,206.59095336466328,2.260046488037089,1.179601812345894,774218.4933285832