Capacity Factor A,Capacity Factor F,FFTT Factor,TSTT,Total Demand,Average Time (min),Average Distance (m),Congestion(%),Weighted Link Congestion,Weighted VC Ratio,Vehicle Kilometres Travelled
0.6,0.7,1.0,253321.15124040583,320409.9999999966,47.219634795766645,8403.644769443747,473.9059476658383,4.3262845997778605,1.6480808740787702,2712540.837778377