Capacity Factor A,Capacity Factor F,FFTT Factor,TSTT,Total Demand,Average Time (min),Average Distance (m),Congestion(%),Weighted Link Congestion,Weighted VC Ratio,Vehicle Kilometres Travelled
0.6,0.7,1.0,8611.881030061935,44185.49999999998,11.637006796079033,7226.384096712146,55.68864121434758,1.1583371017791886,0.5150768018987024,317491.79564798804