Capacity Factor A,Capacity Factor F,FFTT Factor,TSTT,Total Demand,Average Time (min),Average Distance (m),Congestion(%),Weighted Link Congestion,Weighted VC Ratio,Vehicle Kilometres Travelled
0.6,0.7,1.0,65900.55606050481,371550.0000000013,10.598391633088841,10776.413316541828,30.584839565138044,1.1370909358362224,0.49491851585069985,4019813.573716088