Capacity Factor A,Capacity Factor F,FFTT Factor,TSTT,Total Demand,Average Time (min),Average Distance (m),Congestion(%),Weighted Link Congestion,Weighted VC Ratio,Vehicle Kilometres Travelled
0.6,0.7,1.0,67639.72598754274,290079.99999999907,13.921796191994698,6194.567803969449,127.29019096584003,1.6633359417020401,0.9042142331627671,1820172.7949656926