Capacity Factor A,Capacity Factor F,FFTT Factor,TSTT,Total Demand,Average Time (min),Average Distance (m),Congestion(%),Weighted Link Congestion,Weighted VC Ratio,Vehicle Kilometres Travelled
0.6,0.7,1.0,7188.30274094716,42185.49999999998,10.179839329578984,7001.860567512167,23.61518738758519,1.1039200981332968,0.47958866805832034,298844.51304936083