Capacity Factor A,Capacity Factor F,FFTT Factor,TSTT,Total Demand,Average Time (min),Average Distance (m),Congestion(%),Weighted Link Congestion,Weighted VC Ratio,Vehicle Kilometres Travelled
0.6,0.7,1.0,17269.6711604906,70185.49999999971,14.690500857901533,7316.2888387685725,85.85333915413106,1.4139508992794616,0.8003768580974545,512218.1421372355