Capacity Factor A,Capacity Factor F,FFTT Factor,TSTT,Total Demand,Average Time (min),Average Distance (m),Congestion(%),Weighted Link Congestion,Weighted VC Ratio,Vehicle Kilometres Travelled
0.6,0.7,1.0,299889.49523082824,590684.0000000029,30.315660099784278,17299.08321984152,88.63531775496496,1.397523373538295,0.8880367952247256,1.0239482326701183E7