Capacity Factor A,Capacity Factor F,FFTT Factor,TSTT,Total Demand,Average Time (min),Average Distance (m),Congestion(%),Weighted Link Congestion,Weighted VC Ratio,Vehicle Kilometres Travelled
0.6,0.7,1.0,71391.75812465286,93185.50000000013,45.74274481997159,8020.119838518172,623.6389495207827,3.138686783383193,1.2270315203690958,774393.7913199739