Capacity Factor A,Capacity Factor F,FFTT Factor,TSTT,Total Demand,Average Time (min),Average Distance (m),Congestion(%),Weighted Link Congestion,Weighted VC Ratio,Vehicle Kilometres Travelled
0.6,0.7,1.0,21849.079719416688,76185.49999999993,17.127270223584304,7586.992027883909,116.62430193914082,1.5687541901997966,0.8913028533297703,572777.863820439