Capacity Factor A,Capacity Factor F,FFTT Factor,TSTT,Total Demand,Average Time (min),Average Distance (m),Congestion(%),Weighted Link Congestion,Weighted VC Ratio,Vehicle Kilometres Travelled
0.6,0.7,1.0,61592.33016306541,90185.49999999983,40.77423013462394,8035.9363726390375,544.3738887134969,2.8556840327713897,1.1757521070695744,731524.1552013749