Capacity Factor A,Capacity Factor F,FFTT Factor,TSTT,Total Demand,Average Time (min),Average Distance (m),Congestion(%),Weighted Link Congestion,Weighted VC Ratio,Vehicle Kilometres Travelled
0.6,0.7,1.0,74275.29119500195,92185.4999999997,48.12294796382355,8720.87570478629,629.1150227634573,3.2074151168072507,1.2543279904036555,802183.8059667128