Capacity Factor A,Capacity Factor F,FFTT Factor,TSTT,Total Demand,Average Time (min),Average Distance (m),Congestion(%),Weighted Link Congestion,Weighted VC Ratio,Vehicle Kilometres Travelled
0.6,0.7,1.0,64643.90885266601,367640.00000000244,10.49904387447713,10813.712108796473,29.593856616565283,1.1323956570396372,0.4891933618765846,3975862.237364406