Capacity Factor A,Capacity Factor F,FFTT Factor,TSTT,Total Demand,Average Time (min),Average Distance (m),Congestion(%),Weighted Link Congestion,Weighted VC Ratio,Vehicle Kilometres Travelled
0.6,0.7,1.0,11213.726546784985,49185.499999999956,13.618500578979974,7429.68278436347,78.56964940460438,1.2422605520471433,0.5976337631950311,367704.76192388