Capacity Factor A,Capacity Factor F,FFTT Factor,TSTT,Total Demand,Average Time (min),Average Distance (m),Congestion(%),Weighted Link Congestion,Weighted VC Ratio,Vehicle Kilometres Travelled
0.6,0.7,1.0,6842.372909681406,42185.49999999998,9.68425359633986,6997.58057287459,20.103719411813348,1.0929170243322357,0.46557275893681205,294618.561183918