Capacity Factor A,Capacity Factor F,FFTT Factor,TSTT,Total Demand,Average Time (min),Average Distance (m),Congestion(%),Weighted Link Congestion,Weighted VC Ratio,Vehicle Kilometres Travelled
0.6,0.7,1.0,5739.027648715458,34185.50000000002,10.023327249453388,6909.114271867352,32.57531197758055,1.0814198428031632,0.37895805847138203,236555.325819962