Capacity Factor A,Capacity Factor F,FFTT Factor,TSTT,Total Demand,Average Time (min),Average Distance (m),Congestion(%),Weighted Link Congestion,Weighted VC Ratio,Vehicle Kilometres Travelled
0.6,0.7,1.0,9665.63178220701,47185.49999999997,12.234907133624928,7223.482828151959,64.54585270965367,1.190119703162405,0.5553265838949145,342831.63929505413