Capacity Factor A,Capacity Factor F,FFTT Factor,TSTT,Total Demand,Average Time (min),Average Distance (m),Congestion(%),Weighted Link Congestion,Weighted VC Ratio,Vehicle Kilometres Travelled
0.6,0.7,1.0,292564.3196009427,584530.0000000041,29.88247361249687,17250.111973355957,85.94778467381654,1.383564530870283,0.8770584375682281,1.0119692867394054E7