Capacity Factor A,Capacity Factor F,FFTT Factor,TSTT,Total Demand,Average Time (min),Average Distance (m),Congestion(%),Weighted Link Congestion,Weighted VC Ratio,Vehicle Kilometres Travelled
0.6,0.7,1.0,68677.79049861013,92185.4999999997,44.48670181083463,8128.24140294598,599.2870306393598,3.069159434347628,1.220586683146215,765792.355535603