Capacity Factor A,Capacity Factor F,FFTT Factor,TSTT,Total Demand,Average Time (min),Average Distance (m),Congestion(%),Weighted Link Congestion,Weighted VC Ratio,Vehicle Kilometres Travelled
0.6,0.7,1.0,32078.589202890234,217942.0000000005,8.793120342634982,6443.483982709728,34.659200018038284,1.1417222500515025,0.5954656429940618,1407714.4455008896