Capacity Factor A,Capacity Factor F,FFTT Factor,TSTT,Total Demand,Average Time (min),Average Distance (m),Congestion(%),Weighted Link Congestion,Weighted VC Ratio,Vehicle Kilometres Travelled
0.6,0.7,1.0,18428.425514725892,71185.50000000004,15.458924922316774,7446.885051382625,94.62122952783932,1.4557513435676337,0.8237166302009958,528145.7574580999