Capacity Factor A,Capacity Factor F,FFTT Factor,TSTT,Total Demand,Average Time (min),Average Distance (m),Congestion(%),Weighted Link Congestion,Weighted VC Ratio,Vehicle Kilometres Travelled
0.6,0.7,1.0,35116.16614471736,90185.49999999983,23.24923954206747,7838.416931954023,198.07320912035144,1.9929079439267405,1.0725582927501205,705378.4798132204