Capacity Factor A,Capacity Factor F,FFTT Factor,TSTT,Total Demand,Average Time (min),Average Distance (m),Congestion(%),Weighted Link Congestion,Weighted VC Ratio,Vehicle Kilometres Travelled
0.6,0.7,1.0,16680.142252839403,69185.49999999984,14.397636089323361,7202.121710164519,69.22951824929251,1.3946944975788356,0.7999724645938742,503540.58872422855