Capacity Factor A,Capacity Factor F,FFTT Factor,TSTT,Total Demand,Average Time (min),Average Distance (m),Congestion(%),Weighted Link Congestion,Weighted VC Ratio,Vehicle Kilometres Travelled
0.6,0.7,1.0,18945.11365753288,73185.49999999988,15.454995039986999,7282.649696660203,96.69564455538462,1.467773798492355,0.8322283471513414,537183.6478721644