Capacity Factor A,Capacity Factor F,FFTT Factor,TSTT,Total Demand,Average Time (min),Average Distance (m),Congestion(%),Weighted Link Congestion,Weighted VC Ratio,Vehicle Kilometres Travelled
0.6,0.7,1.0,16108.410872427752,65185.49999999989,14.753250173888624,7378.299614892007,70.25178906878182,1.3753155667803527,0.7663694963989891,483987.339241252