Capacity Factor A,Capacity Factor F,FFTT Factor,TSTT,Total Demand,Average Time (min),Average Distance (m),Congestion(%),Weighted Link Congestion,Weighted VC Ratio,Vehicle Kilometres Travelled
0.6,0.7,1.0,16586.771661284216,65185.49999999989,15.191836738798967,7481.68599066304,85.46671480899984,1.3886169857424957,0.764686502033225,489301.1724025788