Capacity Factor A,Capacity Factor F,FFTT Factor,TSTT,Total Demand,Average Time (min),Average Distance (m),Congestion(%),Weighted Link Congestion,Weighted VC Ratio,Vehicle Kilometres Travelled
0.6,0.7,1.0,346424.02922923065,569900.000000003,36.29204891575665,7851.696952438493,437.75790841495984,3.4948206582096635,1.4210766749665136,4524722.36027924