Capacity Factor A,Capacity Factor F,FFTT Factor,TSTT,Total Demand,Average Time (min),Average Distance (m),Congestion(%),Weighted Link Congestion,Weighted VC Ratio,Vehicle Kilometres Travelled
0.6,0.7,1.0,13542.623701365923,60185.49999999984,13.434497169285878,7230.548401990364,56.65613557430322,1.2936752994776415,0.6995426796111947,440768.79107153945