Capacity Factor A,Capacity Factor F,FFTT Factor,TSTT,Total Demand,Average Time (min),Average Distance (m),Congestion(%),Weighted Link Congestion,Weighted VC Ratio,Vehicle Kilometres Travelled
0.6,0.7,1.0,162510.18217951772,294096.0000000052,32.99451760644638,14198.81405099259,189.81784976227956,1.985623842651104,1.0238666912006584,4181977.3776322803