Capacity Factor A,Capacity Factor F,FFTT Factor,TSTT,Total Demand,Average Time (min),Average Distance (m),Congestion(%),Weighted Link Congestion,Weighted VC Ratio,Vehicle Kilometres Travelled
0.6,0.7,1.0,233851.7683640079,314409.9999999993,44.416544211777065,8426.939230055223,440.1240352691854,4.087106275139931,1.6160189337380229,2658894.24693318