Capacity Factor A,Capacity Factor F,FFTT Factor,TSTT,Total Demand,Average Time (min),Average Distance (m),Congestion(%),Weighted Link Congestion,Weighted VC Ratio,Vehicle Kilometres Travelled
0.6,0.7,1.0,10063.067995004352,48185.499999999876,12.469741037341105,7230.693545832987,67.93959518516937,1.2028691945579595,0.5692386484374844,351390.0118770682