Capacity Factor A,Capacity Factor F,FFTT Factor,TSTT,Total Demand,Average Time (min),Average Distance (m),Congestion(%),Weighted Link Congestion,Weighted VC Ratio,Vehicle Kilometres Travelled
0.6,0.7,1.0,17505.84073562418,69185.49999999984,15.106719773825612,7537.420681969841,71.76710819725076,1.4153154869936155,0.8100437270233514,518565.7756464319