Capacity Factor A,Capacity Factor F,FFTT Factor,TSTT,Total Demand,Average Time (min),Average Distance (m),Congestion(%),Weighted Link Congestion,Weighted VC Ratio,Vehicle Kilometres Travelled
0.6,0.7,1.0,35754.1546973127,92185.4999999997,23.15890437583035,7655.717594265643,161.07262478403754,2.0318638858472924,1.1183615893018481,712679.3580255372