Capacity Factor A,Capacity Factor F,FFTT Factor,TSTT,Total Demand,Average Time (min),Average Distance (m),Congestion(%),Weighted Link Congestion,Weighted VC Ratio,Vehicle Kilometres Travelled
0.6,0.7,1.0,76916.77107446744,360399.99999999895,12.74183693797671,10835.09737232988,29.894114185079612,1.172495733764494,0.6329460369377886,3905069.8621248463