Capacity Factor A,Capacity Factor F,FFTT Factor,TSTT,Total Demand,Average Time (min),Average Distance (m),Congestion(%),Weighted Link Congestion,Weighted VC Ratio,Vehicle Kilometres Travelled
0.6,0.7,1.0,39645.425117623825,78185.49999999978,30.275694823898593,8314.902348829031,343.20811349449684,2.1746948250631934,1.0273782944721461,649586.141045177