Capacity Factor A,Capacity Factor F,FFTT Factor,TSTT,Total Demand,Average Time (min),Average Distance (m),Congestion(%),Weighted Link Congestion,Weighted VC Ratio,Vehicle Kilometres Travelled
0.6,0.7,1.0,22264.182004486192,65185.49999999989,20.393622654866377,7832.421947154708,183.93230418912023,1.6090672543994478,0.8226101906542026,513607.1339308333