Capacity Factor A,Capacity Factor F,FFTT Factor,TSTT,Total Demand,Average Time (min),Average Distance (m),Congestion(%),Weighted Link Congestion,Weighted VC Ratio,Vehicle Kilometres Travelled
0.6,0.7,1.0,7466.984026921032,40185.50000000004,11.099090201011643,7038.05507062067,47.132458985879126,1.1284590075606962,0.46661825954717184,286562.41218212555