Capacity Factor A,Capacity Factor F,FFTT Factor,TSTT,Total Demand,Average Time (min),Average Distance (m),Congestion(%),Weighted Link Congestion,Weighted VC Ratio,Vehicle Kilometres Travelled
0.6,0.7,1.0,115072.03977895435,262410.0000000013,26.191770396083417,8297.443034257458,220.66375726029906,2.5242899088203776,1.3346711536313498,2194228.1993680727