Capacity Factor A,Capacity Factor F,FFTT Factor,TSTT,Total Demand,Average Time (min),Average Distance (m),Congestion(%),Weighted Link Congestion,Weighted VC Ratio,Vehicle Kilometres Travelled
0.6,0.7,1.0,97963.84831870573,326339.9999999991,17.9224003146848,6380.5957855884735,191.71868185509987,2.0184022742108723,1.0352840216756287,2081892.9054235027