Capacity Factor A,Capacity Factor F,FFTT Factor,TSTT,Total Demand,Average Time (min),Average Distance (m),Congestion(%),Weighted Link Congestion,Weighted VC Ratio,Vehicle Kilometres Travelled
0.6,0.7,1.0,325213.67696232715,641299.999999999,30.276365342112932,11153.438777823334,199.46621795350578,2.235429408341545,1.1722238556665625,7204143.084960402