Capacity Factor A,Capacity Factor F,FFTT Factor,TSTT,Total Demand,Average Time (min),Average Distance (m),Congestion(%),Weighted Link Congestion,Weighted VC Ratio,Vehicle Kilometres Travelled
0.6,0.7,1.0,17270.695404072096,67185.5000000001,15.349069636818538,7402.235646532718,76.46291041025906,1.4134218629338344,0.7937320692439725,501526.507898762