Capacity Factor A,Capacity Factor F,FFTT Factor,TSTT,Total Demand,Average Time (min),Average Distance (m),Congestion(%),Weighted Link Congestion,Weighted VC Ratio,Vehicle Kilometres Travelled
0.6,0.7,1.0,71119.11291895354,91185.49999999988,46.568452602503136,8359.003392644629,604.1498451388758,3.1172149446053794,1.2382908855848185,791720.3868986407