Capacity Factor A,Capacity Factor F,FFTT Factor,TSTT,Total Demand,Average Time (min),Average Distance (m),Congestion(%),Weighted Link Congestion,Weighted VC Ratio,Vehicle Kilometres Travelled
0.6,0.7,1.0,40122.31695304555,94185.49999999974,25.433104564863456,8212.89238400212,177.3930884761257,2.1343353953193156,1.1576176622646863,763115.898003803