Capacity Factor A,Capacity Factor F,FFTT Factor,TSTT,Total Demand,Average Time (min),Average Distance (m),Congestion(%),Weighted Link Congestion,Weighted VC Ratio,Vehicle Kilometres Travelled
0.6,0.7,1.0,49863.19125751143,200410.00000000178,14.856576446621597,8140.134436094554,84.17445659157023,1.5619249074317778,1.0014030272359482,1637550.4668523069