Capacity Factor A,Capacity Factor F,FFTT Factor,TSTT,Total Demand,Average Time (min),Average Distance (m),Congestion(%),Weighted Link Congestion,Weighted VC Ratio,Vehicle Kilometres Travelled
0.6,0.7,1.0,65895.62611120366,287489.99999999953,13.68777168800843,6226.28543797821,123.6514290462345,1.6430503261597602,0.8949886079727807,1801616.572841753