Capacity Factor A,Capacity Factor F,FFTT Factor,TSTT,Total Demand,Average Time (min),Average Distance (m),Congestion(%),Weighted Link Congestion,Weighted VC Ratio,Vehicle Kilometres Travelled
0.6,0.7,1.0,50119.84454923904,296550.00000000093,10.092649193156825,7584.7684645676345,51.933377712306125,1.2317096768493419,0.6726730330444752,2254475.322268308