Capacity Factor A,Capacity Factor F,FFTT Factor,TSTT,Total Demand,Average Time (min),Average Distance (m),Congestion(%),Weighted Link Congestion,Weighted VC Ratio,Vehicle Kilometres Travelled
0.6,0.7,1.0,68357.49888172958,92185.4999999997,44.27436348977766,8061.226550437408,598.907491923296,3.052825468126904,1.2118460653129106,764620.9238133824