Capacity Factor A,Capacity Factor F,FFTT Factor,TSTT,Total Demand,Average Time (min),Average Distance (m),Congestion(%),Weighted Link Congestion,Weighted VC Ratio,Vehicle Kilometres Travelled
0.6,0.7,1.0,157505.90726696225,462100.0000000018,20.351019778498184,7740.451773139969,203.99055513494622,2.097985125717693,1.1212635037147036,3613482.571519912