Capacity Factor A,Capacity Factor F,FFTT Factor,TSTT,Total Demand,Average Time (min),Average Distance (m),Congestion(%),Weighted Link Congestion,Weighted VC Ratio,Vehicle Kilometres Travelled
0.6,0.7,1.0,28699.445568213276,88185.50000000006,19.432001987958486,7470.931990545305,117.24850341561996,1.7906313029151364,1.0358553593567417,665451.9850386231