Capacity Factor A,Capacity Factor F,FFTT Factor,TSTT,Total Demand,Average Time (min),Average Distance (m),Congestion(%),Weighted Link Congestion,Weighted VC Ratio,Vehicle Kilometres Travelled
0.6,0.7,1.0,68508.4825694295,224410.0000000003,18.230413035178216,8216.543013574395,124.59108344324372,1.845593212233453,1.129092529939325,1852126.7813096067