Capacity Factor A,Capacity Factor F,FFTT Factor,TSTT,Total Demand,Average Time (min),Average Distance (m),Congestion(%),Weighted Link Congestion,Weighted VC Ratio,Vehicle Kilometres Travelled
0.6,0.7,1.0,7977.490559878618,47185.49999999997,10.095657567282734,7025.219184767468,22.105769205010482,1.1209525064897978,0.5253375222153893,331173.90605068795