Capacity Factor A,Capacity Factor F,FFTT Factor,TSTT,Total Demand,Average Time (min),Average Distance (m),Congestion(%),Weighted Link Congestion,Weighted VC Ratio,Vehicle Kilometres Travelled
0.6,0.7,1.0,6320.43971411208,39185.50000000003,9.632192764484369,6925.98858155307,16.59663639938107,1.08020226749144,0.44314754796129324,273020.8265916834