Capacity Factor A,Capacity Factor F,FFTT Factor,TSTT,Total Demand,Average Time (min),Average Distance (m),Congestion(%),Weighted Link Congestion,Weighted VC Ratio,Vehicle Kilometres Travelled
0.6,0.7,1.0,15136.554395563131,67185.5000000001,13.452901518523294,7274.78731983183,56.45625508337664,1.342201221094336,0.7698779140504877,489672.33681458514