Capacity Factor A,Capacity Factor F,FFTT Factor,TSTT,Total Demand,Average Time (min),Average Distance (m),Congestion(%),Weighted Link Congestion,Weighted VC Ratio,Vehicle Kilometres Travelled
0.6,0.7,1.0,11076.00156066631,54185.50000000011,12.205140929200686,7171.4468151686515,47.59284417389913,1.2146706033597199,0.6190958249345228,391158.11316306476