Capacity Factor A,Capacity Factor F,FFTT Factor,TSTT,Total Demand,Average Time (min),Average Distance (m),Congestion(%),Weighted Link Congestion,Weighted VC Ratio,Vehicle Kilometres Travelled
0.6,0.7,1.0,156228.9638816987,535770.0000000024,17.413169536022746,10998.25169857707,102.02925460458592,1.490651852957615,0.7441211879759703,5910174.524564028