Capacity Factor A,Capacity Factor F,FFTT Factor,TSTT,Total Demand,Average Time (min),Average Distance (m),Congestion(%),Weighted Link Congestion,Weighted VC Ratio,Vehicle Kilometres Travelled
0.6,0.7,1.0,25925.55321485088,81185.49999999965,19.065936698651278,7701.421289889658,141.99397581305826,1.7020231543882591,0.9592702789161471,619205.7303993573