Capacity Factor A,Capacity Factor F,FFTT Factor,TSTT,Total Demand,Average Time (min),Average Distance (m),Congestion(%),Weighted Link Congestion,Weighted VC Ratio,Vehicle Kilometres Travelled
0.6,0.7,1.0,15650.76695839295,69185.49999999984,13.505950173414575,7184.418411299871,57.04532764176402,1.355659249070613,0.7854205157022941,500416.2378330349