Capacity Factor A,Capacity Factor F,FFTT Factor,TSTT,Total Demand,Average Time (min),Average Distance (m),Congestion(%),Weighted Link Congestion,Weighted VC Ratio,Vehicle Kilometres Travelled
0.6,0.7,1.0,36702.17164345235,91185.49999999988,24.03076474147089,7994.043544517565,206.85900782105566,2.0470202752969127,1.0951538825464964,715789.3129952698