Capacity Factor A,Capacity Factor F,FFTT Factor,TSTT,Total Demand,Average Time (min),Average Distance (m),Congestion(%),Weighted Link Congestion,Weighted VC Ratio,Vehicle Kilometres Travelled
0.6,0.7,1.0,62745.88023170873,318000.0000000011,11.779966072202805,10724.42783064418,20.707432529680148,1.1186415011223765,0.5568519716971628,3424014.0692304783