Capacity Factor A,Capacity Factor F,FFTT Factor,TSTT,Total Demand,Average Time (min),Average Distance (m),Congestion(%),Weighted Link Congestion,Weighted VC Ratio,Vehicle Kilometres Travelled
0.6,0.7,1.0,39768.41563298682,94185.49999999974,25.209015631738648,7815.411899513569,175.7693272681577,2.118205114334977,1.1486654448723188,762327.4343576592