Capacity Factor A,Capacity Factor F,FFTT Factor,TSTT,Total Demand,Average Time (min),Average Distance (m),Congestion(%),Weighted Link Congestion,Weighted VC Ratio,Vehicle Kilometres Travelled
0.6,0.7,1.0,6807.613756498483,41185.50000000006,9.873159553741376,6948.447339275975,18.792415232911086,1.0933829259888845,0.46803550067162264,289172.2363001832