Capacity Factor A,Capacity Factor F,FFTT Factor,TSTT,Total Demand,Average Time (min),Average Distance (m),Congestion(%),Weighted Link Congestion,Weighted VC Ratio,Vehicle Kilometres Travelled
0.6,0.7,1.0,35640.085023107735,88185.50000000006,24.131921486621657,8091.320995024687,167.40143733885597,2.00728815336314,1.100662228835651,714704.8403088705