Capacity Factor A,Capacity Factor F,FFTT Factor,TSTT,Total Demand,Average Time (min),Average Distance (m),Congestion(%),Weighted Link Congestion,Weighted VC Ratio,Vehicle Kilometres Travelled
0.6,0.7,1.0,42646.39389801384,96185.4999999998,26.47037857584718,8037.752966130804,196.17132398783,2.2579205898985713,1.1918112539787122,764672.4032287064