Capacity Factor A,Capacity Factor F,FFTT Factor,TSTT,Total Demand,Average Time (min),Average Distance (m),Congestion(%),Weighted Link Congestion,Weighted VC Ratio,Vehicle Kilometres Travelled
0.6,0.7,1.0,516200.90362420084,726099.9999999995,42.446315279442196,11206.328388366685,316.9373677359905,2.9907616495673994,1.3416956121859676,8220176.515446258