Capacity Factor A,Capacity Factor F,FFTT Factor,TSTT,Total Demand,Average Time (min),Average Distance (m),Congestion(%),Weighted Link Congestion,Weighted VC Ratio,Vehicle Kilometres Travelled
0.6,0.7,1.0,41885.434109100934,95185.50000000006,26.27601640185629,7885.217796178255,237.87084158085813,2.2050641771810287,1.1424256552084848,752786.6726426277