Capacity Factor A,Capacity Factor F,FFTT Factor,TSTT,Total Demand,Average Time (min),Average Distance (m),Congestion(%),Weighted Link Congestion,Weighted VC Ratio,Vehicle Kilometres Travelled
0.6,0.7,1.0,36347.41254975041,78185.49999999978,27.758081494450035,7951.8499317315955,322.01326761910894,2.0859015053559045,0.9966316055696489,615561.5233184766