Capacity Factor A,Capacity Factor F,FFTT Factor,TSTT,Total Demand,Average Time (min),Average Distance (m),Congestion(%),Weighted Link Congestion,Weighted VC Ratio,Vehicle Kilometres Travelled
0.6,0.7,1.0,158629.44799961086,372959.9999999987,25.396281930515894,6460.870266784696,312.8032690166047,2.6869854108048785,1.2053643598984052,2421034.801541666