Capacity Factor A,Capacity Factor F,FFTT Factor,TSTT,Total Demand,Average Time (min),Average Distance (m),Congestion(%),Weighted Link Congestion,Weighted VC Ratio,Vehicle Kilometres Travelled
0.6,0.7,1.0,43787.68907811851,96185.4999999998,27.179512502336525,7847.290808181115,248.06520070538997,2.2691403287776466,1.1654044853196124,763535.9870777519