Capacity Factor A,Capacity Factor F,FFTT Factor,TSTT,Total Demand,Average Time (min),Average Distance (m),Congestion(%),Weighted Link Congestion,Weighted VC Ratio,Vehicle Kilometres Travelled
0.6,0.7,1.0,409825.11392813537,683699.9999999992,35.78973361362396,11192.46607515353,252.7360689333497,2.5771838399959073,1.2570433179597664,7712622.4348794175