Capacity Factor A,Capacity Factor F,FFTT Factor,TSTT,Total Demand,Average Time (min),Average Distance (m),Congestion(%),Weighted Link Congestion,Weighted VC Ratio,Vehicle Kilometres Travelled
0.6,0.7,1.0,21423.245719135622,73185.49999999988,17.4800693443463,7568.387520509553,98.70694278513956,1.5509169814502306,0.8853212916308898,564393.8530319643