Capacity Factor A,Capacity Factor F,FFTT Factor,TSTT,Total Demand,Average Time (min),Average Distance (m),Congestion(%),Weighted Link Congestion,Weighted VC Ratio,Vehicle Kilometres Travelled
0.6,0.7,1.0,10448.419240375672,54185.50000000011,11.515067283861931,7093.589951088945,38.21412291621682,1.1998777685371609,0.6129608522046794,385088.2957858328