Capacity Factor A,Capacity Factor F,FFTT Factor,TSTT,Total Demand,Average Time (min),Average Distance (m),Congestion(%),Weighted Link Congestion,Weighted VC Ratio,Vehicle Kilometres Travelled
0.6,0.7,1.0,132969.16483689097,524428.0000000057,15.138581839630794,8254.51508289396,93.34300449550904,1.4465744953834225,0.8993984253545357,4360972.277070198