Capacity Factor A,Capacity Factor F,FFTT Factor,TSTT,Total Demand,Average Time (min),Average Distance (m),Congestion(%),Weighted Link Congestion,Weighted VC Ratio,Vehicle Kilometres Travelled
0.6,0.7,1.0,6871.74382403281,38185.50000000005,10.74910804367118,7016.920655892282,42.51105612440813,1.1120977492014574,0.4355547608792911,270074.08593157324