Capacity Factor A,Capacity Factor F,FFTT Factor,TSTT,Total Demand,Average Time (min),Average Distance (m),Congestion(%),Weighted Link Congestion,Weighted VC Ratio,Vehicle Kilometres Travelled
0.6,0.7,1.0,104493.29508232191,424000.0000000007,14.716835242256774,10906.06124250336,49.15741853541273,1.2868570818361473,0.7501422629077219,4638073.596839826