Capacity Factor A,Capacity Factor F,FFTT Factor,TSTT,Total Demand,Average Time (min),Average Distance (m),Congestion(%),Weighted Link Congestion,Weighted VC Ratio,Vehicle Kilometres Travelled
0.6,0.7,1.0,129204.05200008009,274096.0000000016,28.152534883260895,14054.413460360714,146.4946203526166,1.7520055423206096,0.9445164224253075,3881411.52612947