Capacity Factor A,Capacity Factor F,FFTT Factor,TSTT,Total Demand,Average Time (min),Average Distance (m),Congestion(%),Weighted Link Congestion,Weighted VC Ratio,Vehicle Kilometres Travelled
0.6,0.7,1.0,5812.283342676695,34185.50000000002,10.153303677843168,6902.833844648875,33.487896864936516,1.0852646743574101,0.3884168485765009,238799.83542309623