Capacity Factor A,Capacity Factor F,FFTT Factor,TSTT,Total Demand,Average Time (min),Average Distance (m),Congestion(%),Weighted Link Congestion,Weighted VC Ratio,Vehicle Kilometres Travelled
0.6,0.7,1.0,25080.39532200181,80185.5000000001,18.678287288588916,7875.118395098119,108.9910132006957,1.6575388563591162,0.9583872926093076,627072.4066075579