Capacity Factor A,Capacity Factor F,FFTT Factor,TSTT,Total Demand,Average Time (min),Average Distance (m),Congestion(%),Weighted Link Congestion,Weighted VC Ratio,Vehicle Kilometres Travelled
0.6,0.7,1.0,175285.68589875966,456554.00000000023,22.923235161852066,6816.811146693065,254.97046595586107,2.420474620698073,1.3401247280657445,3128446.417093304