Capacity Factor A,Capacity Factor F,FFTT Factor,TSTT,Total Demand,Average Time (min),Average Distance (m),Congestion(%),Weighted Link Congestion,Weighted VC Ratio,Vehicle Kilometres Travelled
0.6,0.7,1.0,29828.417433929277,215150.00000000073,8.279056468305063,10674.457198562848,6.5035470589392075,1.0264791604414374,0.2768183281524204,2301320.2272765227