Capacity Factor A,Capacity Factor F,FFTT Factor,TSTT,Total Demand,Average Time (min),Average Distance (m),Congestion(%),Weighted Link Congestion,Weighted VC Ratio,Vehicle Kilometres Travelled
0.6,0.7,1.0,28697.685241624866,82185.49999999948,20.848412016153937,7723.582832289231,133.7008108425251,1.7813337603358188,1.0048488573248502,652806.8370405447