Capacity Factor A,Capacity Factor F,FFTT Factor,TSTT,Total Demand,Average Time (min),Average Distance (m),Congestion(%),Weighted Link Congestion,Weighted VC Ratio,Vehicle Kilometres Travelled
0.6,0.7,1.0,168194.03605557285,442988.0000000041,22.668398830332308,16788.561319521683,41.22373529478685,1.1605608258706723,0.6364970081531988,7436713.928567852