Capacity Factor A,Capacity Factor F,FFTT Factor,TSTT,Total Demand,Average Time (min),Average Distance (m),Congestion(%),Weighted Link Congestion,Weighted VC Ratio,Vehicle Kilometres Travelled
0.6,0.7,1.0,110102.41816378017,434599.9999999999,15.12588905974105,10891.112171525956,53.207205022475335,1.3110392335909364,0.7699318065983015,4761826.430895903