Capacity Factor A,Capacity Factor F,FFTT Factor,TSTT,Total Demand,Average Time (min),Average Distance (m),Congestion(%),Weighted Link Congestion,Weighted VC Ratio,Vehicle Kilometres Travelled
0.6,0.7,1.0,70890.20970734968,356535.99999999977,11.873722747131136,8634.988547740642,39.96237682444266,1.2537033880043884,0.7037876332394172,3092627.3295639157