Capacity Factor A,Capacity Factor F,FFTT Factor,TSTT,Total Demand,Average Time (min),Average Distance (m),Congestion(%),Weighted Link Congestion,Weighted VC Ratio,Vehicle Kilometres Travelled
0.6,0.7,1.0,16694.633278031975,69185.49999999984,14.410696896804998,7200.336869161263,82.28368409455591,1.3952013294756633,0.7874165928055717,503879.6000206438