Capacity Factor A,Capacity Factor F,FFTT Factor,TSTT,Total Demand,Average Time (min),Average Distance (m),Congestion(%),Weighted Link Congestion,Weighted VC Ratio,Vehicle Kilometres Travelled
0.6,0.7,1.0,41188.6653218026,95185.50000000006,25.834747396252496,7888.776275761238,189.39670508381442,2.210462916056328,1.1776129929059176,755320.4691798578