Capacity Factor A,Capacity Factor F,FFTT Factor,TSTT,Total Demand,Average Time (min),Average Distance (m),Congestion(%),Weighted Link Congestion,Weighted VC Ratio,Vehicle Kilometres Travelled
0.6,0.7,1.0,73193.96691337832,92185.4999999997,47.41264459341997,8750.81845383911,624.1013169724067,3.1547999087675396,1.2343924175784213,795925.0410338821