Capacity Factor A,Capacity Factor F,FFTT Factor,TSTT,Total Demand,Average Time (min),Average Distance (m),Congestion(%),Weighted Link Congestion,Weighted VC Ratio,Vehicle Kilometres Travelled
0.6,0.7,1.0,386987.05652835645,652224.0000000105,35.425470740587286,17481.13742856042,120.40048212554338,1.5631757794730694,0.9976825958950076,1.1428391862855013E7