Capacity Factor A,Capacity Factor F,FFTT Factor,TSTT,Total Demand,Average Time (min),Average Distance (m),Congestion(%),Weighted Link Congestion,Weighted VC Ratio,Vehicle Kilometres Travelled
0.6,0.7,1.0,153570.38328832298,485532.0000000014,18.883322023445857,8873.892672518736,112.14140708014261,1.7402145068141595,0.9919498646853078,4345852.457616142