Capacity Factor A,Capacity Factor F,FFTT Factor,TSTT,Total Demand,Average Time (min),Average Distance (m),Congestion(%),Weighted Link Congestion,Weighted VC Ratio,Vehicle Kilometres Travelled
0.6,0.7,1.0,13999.34882404926,63185.499999999854,13.234403219367726,7267.357682394976,66.21506161640033,1.3101066469618208,0.713238710339968,459404.05045530095