Capacity Factor A,Capacity Factor F,FFTT Factor,TSTT,Total Demand,Average Time (min),Average Distance (m),Congestion(%),Weighted Link Congestion,Weighted VC Ratio,Vehicle Kilometres Travelled
0.6,0.7,1.0,54566.54740130873,85185.49999999996,38.24591866618353,8503.987685869139,470.8166038189279,2.6365048238989357,1.1446206154324012,729204.4175964062