Capacity Factor A,Capacity Factor F,FFTT Factor,TSTT,Total Demand,Average Time (min),Average Distance (m),Congestion(%),Weighted Link Congestion,Weighted VC Ratio,Vehicle Kilometres Travelled
0.6,0.7,1.0,7065.381671076425,39185.50000000003,10.765515437800483,7010.15012095035,43.53110780023739,1.1147437512824205,0.4439736716844408,275980.0619366532