Capacity Factor A,Capacity Factor F,FFTT Factor,TSTT,Total Demand,Average Time (min),Average Distance (m),Congestion(%),Weighted Link Congestion,Weighted VC Ratio,Vehicle Kilometres Travelled
0.6,0.7,1.0,33934.62963981815,90185.49999999983,22.464998058267224,7593.071401685787,189.22560727247492,1.955565022776478,1.058259118325246,689219.0721984182