Capacity Factor A,Capacity Factor F,FFTT Factor,TSTT,Total Demand,Average Time (min),Average Distance (m),Congestion(%),Weighted Link Congestion,Weighted VC Ratio,Vehicle Kilometres Travelled
0.6,0.7,1.0,8347.12408930108,42185.49999999998,11.814335345419364,7317.873615565361,54.06079363996539,1.1511642568296332,0.502131595493782,306651.54074607405