Capacity Factor A,Capacity Factor F,FFTT Factor,TSTT,Total Demand,Average Time (min),Average Distance (m),Congestion(%),Weighted Link Congestion,Weighted VC Ratio,Vehicle Kilometres Travelled
0.6,0.7,1.0,28989.98736959155,73185.49999999988,23.650741515729052,7618.652073363227,253.98260239535097,1.8428027569812961,0.9148691427994347,569688.5490932481