Capacity Factor A,Capacity Factor F,FFTT Factor,TSTT,Total Demand,Average Time (min),Average Distance (m),Congestion(%),Weighted Link Congestion,Weighted VC Ratio,Vehicle Kilometres Travelled
0.6,0.7,1.0,57445.3563088379,88185.50000000006,38.896097820894035,8076.656263261936,507.72604528633013,2.734281225503898,1.1510012062749584,725274.3121031628