Capacity Factor A,Capacity Factor F,FFTT Factor,TSTT,Total Demand,Average Time (min),Average Distance (m),Congestion(%),Weighted Link Congestion,Weighted VC Ratio,Vehicle Kilometres Travelled
0.6,0.7,1.0,11123.948746156733,54185.50000000011,12.262425603520166,7172.745061309945,48.26930733860919,1.21802635829239,0.6169976524660281,392840.7585617094