Capacity Factor A,Capacity Factor F,FFTT Factor,TSTT,Total Demand,Average Time (min),Average Distance (m),Congestion(%),Weighted Link Congestion,Weighted VC Ratio,Vehicle Kilometres Travelled
0.6,0.7,1.0,148218.8591453372,286095.99999999936,30.93249759363043,14161.413584009371,171.45300371261993,1.8859335633716052,0.9916307431437091,4061031.6398865907