Capacity Factor A,Capacity Factor F,FFTT Factor,TSTT,Total Demand,Average Time (min),Average Distance (m),Congestion(%),Weighted Link Congestion,Weighted VC Ratio,Vehicle Kilometres Travelled
0.6,0.7,1.0,26658.28282674745,79185.49999999974,20.103089301326094,7938.989352347064,148.56685525403225,1.6987232694525471,0.9407811936438288,625650.4586086619