Capacity Factor A,Capacity Factor F,FFTT Factor,TSTT,Total Demand,Average Time (min),Average Distance (m),Congestion(%),Weighted Link Congestion,Weighted VC Ratio,Vehicle Kilometres Travelled
0.6,0.7,1.0,146452.72003166474,477944.00000000023,18.297483427929432,8922.491663344339,106.07126847072914,1.6990158578714083,0.9741364400603898,4269180.186627732