Capacity Factor A,Capacity Factor F,FFTT Factor,TSTT,Total Demand,Average Time (min),Average Distance (m),Congestion(%),Weighted Link Congestion,Weighted VC Ratio,Vehicle Kilometres Travelled
0.6,0.7,1.0,7220.927197369684,43185.499999999854,9.984894208321135,7003.712754681834,22.564777083278354,1.1078769058603901,0.483831055542056,301444.35013943014