Capacity Factor A,Capacity Factor F,FFTT Factor,TSTT,Total Demand,Average Time (min),Average Distance (m),Congestion(%),Weighted Link Congestion,Weighted VC Ratio,Vehicle Kilometres Travelled
0.6,0.7,1.0,18383.876052777465,72185.49999999994,15.204800851180336,7344.006483282225,77.88838130426095,1.4506837479980246,0.8400308421358887,529171.2920866726