Capacity Factor A,Capacity Factor F,FFTT Factor,TSTT,Total Demand,Average Time (min),Average Distance (m),Congestion(%),Weighted Link Congestion,Weighted VC Ratio,Vehicle Kilometres Travelled
0.6,0.7,1.0,638613.1799921647,769150.0000000052,49.57109941178886,17832.239932517066,208.25937230338454,2.0337508278730128,1.2146983783961476,1.374211468963093E7