Capacity Factor A,Capacity Factor F,FFTT Factor,TSTT,Total Demand,Average Time (min),Average Distance (m),Congestion(%),Weighted Link Congestion,Weighted VC Ratio,Vehicle Kilometres Travelled
0.6,0.7,1.0,4852.060060777874,32185.499999999938,9.000817209165634,6847.603168761732,10.849518784817413,1.0497515426432877,0.35877528572522044,220869.71929762198