Capacity Factor A,Capacity Factor F,FFTT Factor,TSTT,Total Demand,Average Time (min),Average Distance (m),Congestion(%),Weighted Link Congestion,Weighted VC Ratio,Vehicle Kilometres Travelled
0.6,0.7,1.0,157285.4769623083,489326.0000000009,19.190342353789415,8951.728848721888,115.31540929139635,1.7619895480586554,1.0010399012706235,4384772.3812333355