Capacity Factor A,Capacity Factor F,FFTT Factor,TSTT,Total Demand,Average Time (min),Average Distance (m),Congestion(%),Weighted Link Congestion,Weighted VC Ratio,Vehicle Kilometres Travelled
0.6,0.7,1.0,14336.123054678512,63185.499999999854,13.546314912476912,7450.712546041953,55.42987547221654,1.3137571346750947,0.7308818090386126,464996.35092775075