Capacity Factor A,Capacity Factor F,FFTT Factor,TSTT,Total Demand,Average Time (min),Average Distance (m),Congestion(%),Weighted Link Congestion,Weighted VC Ratio,Vehicle Kilometres Travelled
0.6,0.7,1.0,135997.57370443514,476999.9999999988,17.022166171293094,10980.853945886563,71.65408248906746,1.423776020366957,0.8498247303090093,5256000.59151977