Capacity Factor A,Capacity Factor F,FFTT Factor,TSTT,Total Demand,Average Time (min),Average Distance (m),Congestion(%),Weighted Link Congestion,Weighted VC Ratio,Vehicle Kilometres Travelled
0.6,0.7,1.0,10172.131723130295,48185.499999999876,12.606393495194164,7327.234414809096,69.26024207743266,1.2081791271649533,0.5717813314087039,354421.65282063704