Capacity Factor A,Capacity Factor F,FFTT Factor,TSTT,Total Demand,Average Time (min),Average Distance (m),Congestion(%),Weighted Link Congestion,Weighted VC Ratio,Vehicle Kilometres Travelled
0.6,0.7,1.0,159293.26955558287,444212.00000000035,21.411430637424463,6747.824350872389,231.29824949116963,2.2794936394523373,1.3003315744418227,3037585.645465924