Capacity Factor A,Capacity Factor F,FFTT Factor,TSTT,Total Demand,Average Time (min),Average Distance (m),Congestion(%),Weighted Link Congestion,Weighted VC Ratio,Vehicle Kilometres Travelled
0.6,0.7,1.0,27270.744090681874,71185.50000000004,22.871953026325304,7632.108192072099,235.2305946052869,1.7954750908902781,0.9066186000283841,559165.7232277422