Capacity Factor A,Capacity Factor F,FFTT Factor,TSTT,Total Demand,Average Time (min),Average Distance (m),Congestion(%),Weighted Link Congestion,Weighted VC Ratio,Vehicle Kilometres Travelled
0.6,0.7,1.0,8069.999591668984,42185.49999999998,11.428850988923593,7157.460799899862,51.575366832825885,1.1449117566300508,0.4935474367335318,303651.4089692973