Capacity Factor A,Capacity Factor F,FFTT Factor,TSTT,Total Demand,Average Time (min),Average Distance (m),Congestion(%),Weighted Link Congestion,Weighted VC Ratio,Vehicle Kilometres Travelled
0.6,0.7,1.0,31742.370163557134,87185.50000000006,21.736089326584928,7786.01429340275,140.29220880981882,1.8695828640266068,1.0558941164362028,696840.1111521604