Capacity Factor A,Capacity Factor F,FFTT Factor,TSTT,Total Demand,Average Time (min),Average Distance (m),Congestion(%),Weighted Link Congestion,Weighted VC Ratio,Vehicle Kilometres Travelled
0.6,0.7,1.0,151526.95918855732,498199.9999999989,18.160989251694716,11012.58523807772,82.62507485906809,1.4926623590522616,0.8901504691204822,5502427.855235852