Capacity Factor A,Capacity Factor F,FFTT Factor,TSTT,Total Demand,Average Time (min),Average Distance (m),Congestion(%),Weighted Link Congestion,Weighted VC Ratio,Vehicle Kilometres Travelled
0.6,0.7,1.0,4835.8343585388275,32185.499999999938,8.97245124386434,6800.631467439924,12.247957922728482,1.0525842202750342,0.35961710423612825,219907.39806987497