Capacity Factor A,Capacity Factor F,FFTT Factor,TSTT,Total Demand,Average Time (min),Average Distance (m),Congestion(%),Weighted Link Congestion,Weighted VC Ratio,Vehicle Kilometres Travelled
0.6,0.7,1.0,6545.281523811688,36185.499999999985,10.80429259598554,6995.173328079022,40.37157271860108,1.104506933881513,0.41894454759893923,256893.9296065476