Capacity Factor A,Capacity Factor F,FFTT Factor,TSTT,Total Demand,Average Time (min),Average Distance (m),Congestion(%),Weighted Link Congestion,Weighted VC Ratio,Vehicle Kilometres Travelled
0.6,0.7,1.0,76512.37053754731,93185.50000000013,49.02038458845401,8798.208466221076,650.0300231106125,3.247236960013966,1.2499266190147018,806180.2583833471