Capacity Factor A,Capacity Factor F,FFTT Factor,TSTT,Total Demand,Average Time (min),Average Distance (m),Congestion(%),Weighted Link Congestion,Weighted VC Ratio,Vehicle Kilometres Travelled
0.6,0.7,1.0,7425.056976441157,43185.499999999854,10.272376228746257,7058.273304075902,24.85100028068654,1.1098749305035562,0.4867759178739401,306232.26860262454