Capacity Factor A,Capacity Factor F,FFTT Factor,TSTT,Total Demand,Average Time (min),Average Distance (m),Congestion(%),Weighted Link Congestion,Weighted VC Ratio,Vehicle Kilometres Travelled
0.6,0.7,1.0,29717.530045746866,204776.0000000005,8.668784404928632,8424.142064951422,8.65584190052986,1.0486476240801677,0.3937156785792952,1726389.6202270433