Capacity Factor A,Capacity Factor F,FFTT Factor,TSTT,Total Demand,Average Time (min),Average Distance (m),Congestion(%),Weighted Link Congestion,Weighted VC Ratio,Vehicle Kilometres Travelled
0.6,0.7,1.0,1062951.1259546985,886076.0000000095,71.61889590824417,18081.837931585265,345.30287005906405,2.784525667472316,1.434532898070325,1.6084402400998719E7