Capacity Factor A,Capacity Factor F,FFTT Factor,TSTT,Total Demand,Average Time (min),Average Distance (m),Congestion(%),Weighted Link Congestion,Weighted VC Ratio,Vehicle Kilometres Travelled
0.6,0.7,1.0,36874.11439363085,227919.9999999999,9.659317413688745,6065.277617803985,59.87545261614719,1.2934671477312578,0.689106615747531,1386511.372997144