Capacity Factor A,Capacity Factor F,FFTT Factor,TSTT,Total Demand,Average Time (min),Average Distance (m),Congestion(%),Weighted Link Congestion,Weighted VC Ratio,Vehicle Kilometres Travelled
0.6,0.7,1.0,77500.30480906321,228096.00000000154,20.28543479945894,13938.278804043004,76.11094657312833,1.377305295859778,0.7638169372538969,3197802.968620394