Capacity Factor A,Capacity Factor F,FFTT Factor,TSTT,Total Demand,Average Time (min),Average Distance (m),Congestion(%),Weighted Link Congestion,Weighted VC Ratio,Vehicle Kilometres Travelled
0.6,0.7,1.0,11935.38714753077,58185.50000000001,12.25144869798285,7023.5506615157765,46.12162439789649,1.246686190742419,0.6617400810063329,416865.50991413806