Capacity Factor A,Capacity Factor F,FFTT Factor,TSTT,Total Demand,Average Time (min),Average Distance (m),Congestion(%),Weighted Link Congestion,Weighted VC Ratio,Vehicle Kilometres Travelled
0.6,0.7,1.0,67240.66226208521,375459.9999999999,10.69284395100995,10806.267585596039,31.609442965569002,1.1419940576999748,0.500694639110836,4063618.9562859577