Capacity Factor A,Capacity Factor F,FFTT Factor,TSTT,Total Demand,Average Time (min),Average Distance (m),Congestion(%),Weighted Link Congestion,Weighted VC Ratio,Vehicle Kilometres Travelled
0.6,0.7,1.0,33370.91386366924,217559.99999999919,9.16014144904889,6058.765174524872,51.96419683148301,1.2517027647877101,0.655644181787701,1317597.290296347