Capacity Factor A,Capacity Factor F,FFTT Factor,TSTT,Total Demand,Average Time (min),Average Distance (m),Congestion(%),Weighted Link Congestion,Weighted VC Ratio,Vehicle Kilometres Travelled
0.6,0.7,1.0,6525.502453010864,41185.50000000006,9.460543684737825,6924.387567364134,17.71167766717152,1.0828685721608167,0.45033665271408213,285059.67640955973