Capacity Factor A,Capacity Factor F,FFTT Factor,TSTT,Total Demand,Average Time (min),Average Distance (m),Congestion(%),Weighted Link Congestion,Weighted VC Ratio,Vehicle Kilometres Travelled
0.6,0.7,1.0,6608.746245249311,41185.50000000006,9.582527558750451,6927.198501239946,18.949474590533665,1.0871360953916067,0.4544956864732146,287100.26829595154