Capacity Factor A,Capacity Factor F,FFTT Factor,TSTT,Total Demand,Average Time (min),Average Distance (m),Congestion(%),Weighted Link Congestion,Weighted VC Ratio,Vehicle Kilometres Travelled
0.6,0.7,1.0,954268.5211962501,923916.0000000068,61.6771205274956,8583.386115944435,682.5393905576232,4.80471292901389,1.6766701814983305,8002565.783505217