Capacity Factor A,Capacity Factor F,FFTT Factor,TSTT,Total Demand,Average Time (min),Average Distance (m),Congestion(%),Weighted Link Congestion,Weighted VC Ratio,Vehicle Kilometres Travelled
0.6,0.7,1.0,28313.9334992349,84185.49999999994,20.081661896112777,7738.640518582388,123.06305899630252,1.7576679230478218,1.0064172527169744,662968.4147221806