Capacity Factor A,Capacity Factor F,FFTT Factor,TSTT,Total Demand,Average Time (min),Average Distance (m),Congestion(%),Weighted Link Congestion,Weighted VC Ratio,Vehicle Kilometres Travelled
0.6,0.7,1.0,59640.35127656058,307400.0000000002,11.585808101890503,10767.373144076359,18.824667009155327,1.107684011450204,0.5372122306276526,3302839.850590802