Capacity Factor A,Capacity Factor F,FFTT Factor,TSTT,Total Demand,Average Time (min),Average Distance (m),Congestion(%),Weighted Link Congestion,Weighted VC Ratio,Vehicle Kilometres Travelled
0.6,0.7,1.0,11784.534034131333,57185.500000000015,12.303458331069153,7107.926708978757,42.66977918885952,1.2358453203088866,0.6595079963207655,414572.4047941502