Capacity Factor A,Capacity Factor F,FFTT Factor,TSTT,Total Demand,Average Time (min),Average Distance (m),Congestion(%),Weighted Link Congestion,Weighted VC Ratio,Vehicle Kilometres Travelled
0.6,0.7,1.0,822592.0489045833,892706.0000000005,55.018134534755866,8626.605874705936,598.0939696424858,4.320466827542201,1.615337776195465,7716280.593099901