Capacity Factor A,Capacity Factor F,FFTT Factor,TSTT,Total Demand,Average Time (min),Average Distance (m),Congestion(%),Weighted Link Congestion,Weighted VC Ratio,Vehicle Kilometres Travelled
0.6,0.7,1.0,58430.37477910186,322390.00000000227,10.820482111006621,8589.874461581678,29.540847471922717,1.1832884171458196,0.630816620480282,2775275.627314239