Capacity Factor A,Capacity Factor F,FFTT Factor,TSTT,Total Demand,Average Time (min),Average Distance (m),Congestion(%),Weighted Link Congestion,Weighted VC Ratio,Vehicle Kilometres Travelled
0.6,0.7,1.0,6053.033934402492,37185.49999999997,9.72089481331393,6887.822753986776,18.54911084889479,1.0803919027861697,0.42418860324282326,258014.65457919746