Capacity Factor A,Capacity Factor F,FFTT Factor,TSTT,Total Demand,Average Time (min),Average Distance (m),Congestion(%),Weighted Link Congestion,Weighted VC Ratio,Vehicle Kilometres Travelled
0.6,0.7,1.0,66030.87316821347,338900.0000000002,11.63830030065294,7661.873648317299,74.95905753908723,1.355468749912873,0.7844990981313623,2593742.490994763