Capacity Factor A,Capacity Factor F,FFTT Factor,TSTT,Total Demand,Average Time (min),Average Distance (m),Congestion(%),Weighted Link Congestion,Weighted VC Ratio,Vehicle Kilometres Travelled
0.6,0.7,1.0,19827.224370864886,73185.49999999988,16.176351042792103,7537.931987183322,82.52185449984226,1.488163875350516,0.8565245912731008,550394.58331431