Capacity Factor A,Capacity Factor F,FFTT Factor,TSTT,Total Demand,Average Time (min),Average Distance (m),Congestion(%),Weighted Link Congestion,Weighted VC Ratio,Vehicle Kilometres Travelled
0.6,0.7,1.0,273869.041799005,514150.0000000016,31.805413710281492,6874.403268686749,393.6635540754081,3.2504674180651465,1.5255583265171913,3551401.9974743095