Capacity Factor A,Capacity Factor F,FFTT Factor,TSTT,Total Demand,Average Time (min),Average Distance (m),Congestion(%),Weighted Link Congestion,Weighted VC Ratio,Vehicle Kilometres Travelled
0.6,0.7,1.0,20458.14269468352,65185.49999999989,18.74293432122141,7460.283474520529,170.55698626970127,1.5582158508616353,0.7979792135698961,497184.3168626979