Capacity Factor A,Capacity Factor F,FFTT Factor,TSTT,Total Demand,Average Time (min),Average Distance (m),Congestion(%),Weighted Link Congestion,Weighted VC Ratio,Vehicle Kilometres Travelled
0.6,0.7,1.0,21974.509906986856,73185.49999999988,17.928221061040603,7818.14898987457,120.09926114691743,1.5589043265003841,0.8734365220182141,567138.5849787256