Capacity Factor A,Capacity Factor F,FFTT Factor,TSTT,Total Demand,Average Time (min),Average Distance (m),Congestion(%),Weighted Link Congestion,Weighted VC Ratio,Vehicle Kilometres Travelled
0.6,0.7,1.0,25762.12279045289,82185.49999999948,18.715795271824742,7340.796636859917,139.4161144848351,1.6925328268291207,0.9504503666802716,615146.8111942573