Capacity Factor A,Capacity Factor F,FFTT Factor,TSTT,Total Demand,Average Time (min),Average Distance (m),Congestion(%),Weighted Link Congestion,Weighted VC Ratio,Vehicle Kilometres Travelled
0.6,0.7,1.0,22364.607953225903,77185.50000000001,17.29862348428461,7548.482053814092,99.28436067442898,1.589422614458383,0.9226106439951594,582149.9418952641