Capacity Factor A,Capacity Factor F,FFTT Factor,TSTT,Total Demand,Average Time (min),Average Distance (m),Congestion(%),Weighted Link Congestion,Weighted VC Ratio,Vehicle Kilometres Travelled
0.6,0.7,1.0,46202.79379477768,95185.50000000006,28.98175744195764,8015.338917280215,219.13476334050762,2.339427743789874,1.2030351501524066,788797.1743333666