Capacity Factor A,Capacity Factor F,FFTT Factor,TSTT,Total Demand,Average Time (min),Average Distance (m),Congestion(%),Weighted Link Congestion,Weighted VC Ratio,Vehicle Kilometres Travelled
0.6,0.7,1.0,59931.16618740409,214410.0000000003,16.688286194269466,8193.623959699878,106.1892527130781,1.7158411797319275,1.0758194703036787,1762248.8458207862