Capacity Factor A,Capacity Factor F,FFTT Factor,TSTT,Total Demand,Average Time (min),Average Distance (m),Congestion(%),Weighted Link Congestion,Weighted VC Ratio,Vehicle Kilometres Travelled
0.6,0.7,1.0,11420.344121177819,55185.49999999989,12.356705483907108,7176.561297123568,45.424356113190775,1.22795718286311,0.6348259726847912,398251.1343588552