Capacity Factor A,Capacity Factor F,FFTT Factor,TSTT,Total Demand,Average Time (min),Average Distance (m),Congestion(%),Weighted Link Congestion,Weighted VC Ratio,Vehicle Kilometres Travelled
0.6,0.7,1.0,20557.27260844438,165759.99999999953,7.405226687365933,5886.601415885612,24.523666890340557,1.11050740020423,0.48837330546766605,980857.6132483914