Capacity Factor A,Capacity Factor F,FFTT Factor,TSTT,Total Demand,Average Time (min),Average Distance (m),Congestion(%),Weighted Link Congestion,Weighted VC Ratio,Vehicle Kilometres Travelled
0.6,0.7,1.0,5153.17265071569,34185.50000000002,9.005440546108638,6857.153708356836,12.150943062130292,1.0548019161549276,0.3791103646577214,235771.09464626465