Capacity Factor A,Capacity Factor F,FFTT Factor,TSTT,Total Demand,Average Time (min),Average Distance (m),Congestion(%),Weighted Link Congestion,Weighted VC Ratio,Vehicle Kilometres Travelled
0.6,0.7,1.0,17558.841241066126,67185.5000000001,15.603310346717585,7412.805120739712,91.70356737174802,1.4141696904222298,0.7795193898273037,504131.2342785165