Capacity Factor A,Capacity Factor F,FFTT Factor,TSTT,Total Demand,Average Time (min),Average Distance (m),Congestion(%),Weighted Link Congestion,Weighted VC Ratio,Vehicle Kilometres Travelled
0.6,0.7,1.0,38300.91557662068,89185.5000000003,25.643780976133456,8043.7588303729735,218.01162562696868,2.060699795180937,1.0920422060501043,729051.7599955447