Capacity Factor A,Capacity Factor F,FFTT Factor,TSTT,Total Demand,Average Time (min),Average Distance (m),Congestion(%),Weighted Link Congestion,Weighted VC Ratio,Vehicle Kilometres Travelled
0.6,0.7,1.0,28564.671743336447,207330.00000000064,8.226915651436492,10717.261915011235,5.946697084360286,1.0241418202086499,0.2665802168179759,2215831.657821172