Capacity Factor A,Capacity Factor F,FFTT Factor,TSTT,Total Demand,Average Time (min),Average Distance (m),Congestion(%),Weighted Link Congestion,Weighted VC Ratio,Vehicle Kilometres Travelled
0.6,0.7,1.0,219299.6024432826,542442.0000000017,24.13920078402207,9045.812095374613,166.64773471611034,2.1138485596155885,1.1251366318445195,4924073.226408878