Capacity Factor A,Capacity Factor F,FFTT Factor,TSTT,Total Demand,Average Time (min),Average Distance (m),Congestion(%),Weighted Link Congestion,Weighted VC Ratio,Vehicle Kilometres Travelled
0.6,0.7,1.0,31396.346557350633,90185.49999999983,20.78600993608019,7552.205703622631,132.496000803779,1.8760456597932629,1.0694381302956335,697702.5308070673