Capacity Factor A,Capacity Factor F,FFTT Factor,TSTT,Total Demand,Average Time (min),Average Distance (m),Congestion(%),Weighted Link Congestion,Weighted VC Ratio,Vehicle Kilometres Travelled
0.6,0.7,1.0,4869.8921020929565,32185.499999999938,9.04144122333851,6843.329682044453,11.03261003109981,1.0505766144239945,0.36192515644153883,220899.56462903306