Capacity Factor A,Capacity Factor F,FFTT Factor,TSTT,Total Demand,Average Time (min),Average Distance (m),Congestion(%),Weighted Link Congestion,Weighted VC Ratio,Vehicle Kilometres Travelled
0.6,0.7,1.0,11906.45498109522,56185.50000000003,12.65274169408189,7151.598528307217,53.2520793667294,1.2400474531101142,0.6435886007974045,407686.76450024935