Capacity Factor A,Capacity Factor F,FFTT Factor,TSTT,Total Demand,Average Time (min),Average Distance (m),Congestion(%),Weighted Link Congestion,Weighted VC Ratio,Vehicle Kilometres Travelled
0.6,0.7,1.0,19756.47264957613,74185.49999999991,15.90009011601319,7269.2612838291925,101.68602705212547,1.496737542388018,0.852120717423239,545946.9268345614