Capacity Factor A,Capacity Factor F,FFTT Factor,TSTT,Total Demand,Average Time (min),Average Distance (m),Congestion(%),Weighted Link Congestion,Weighted VC Ratio,Vehicle Kilometres Travelled
0.6,0.7,1.0,19241.84301456468,63185.499999999854,18.18715640431703,7543.293288290295,156.74019658040996,1.5226200464739503,0.7866346246961412,484733.61605523963