Capacity Factor A,Capacity Factor F,FFTT Factor,TSTT,Total Demand,Average Time (min),Average Distance (m),Congestion(%),Weighted Link Congestion,Weighted VC Ratio,Vehicle Kilometres Travelled
0.6,0.7,1.0,32743.315164086704,88185.50000000006,22.1685579852752,7857.4434098133,183.870869597911,1.917982683754878,1.0451594891028964,685906.5453930346