Capacity Factor A,Capacity Factor F,FFTT Factor,TSTT,Total Demand,Average Time (min),Average Distance (m),Congestion(%),Weighted Link Congestion,Weighted VC Ratio,Vehicle Kilometres Travelled
0.6,0.7,1.0,20720.347871261078,72185.49999999994,17.13825128110859,7563.870701845357,95.09922770463373,1.5281374759934325,0.870733892718391,553984.3786797683