Capacity Factor A,Capacity Factor F,FFTT Factor,TSTT,Total Demand,Average Time (min),Average Distance (m),Congestion(%),Weighted Link Congestion,Weighted VC Ratio,Vehicle Kilometres Travelled
0.6,0.7,1.0,103276.12010201628,319908.0000000013,19.277003787379073,16300.545054468164,20.82949815662878,1.067046620538028,0.4441712881920763,5218914.192853685