Capacity Factor A,Capacity Factor F,FFTT Factor,TSTT,Total Demand,Average Time (min),Average Distance (m),Congestion(%),Weighted Link Congestion,Weighted VC Ratio,Vehicle Kilometres Travelled
0.6,0.7,1.0,32790.06386292526,89185.5000000003,21.95049866542644,7552.192730562253,182.4823827199129,1.9194797000613846,1.0447400859423595,679845.49549076