Capacity Factor A,Capacity Factor F,FFTT Factor,TSTT,Total Demand,Average Time (min),Average Distance (m),Congestion(%),Weighted Link Congestion,Weighted VC Ratio,Vehicle Kilometres Travelled
0.6,0.7,1.0,41951.268673132035,95185.50000000006,26.31578847098164,8110.630581987115,187.53939148429365,2.1909674001146406,1.1670970374670981,775115.9604900513