Capacity Factor A,Capacity Factor F,FFTT Factor,TSTT,Total Demand,Average Time (min),Average Distance (m),Congestion(%),Weighted Link Congestion,Weighted VC Ratio,Vehicle Kilometres Travelled
0.6,0.7,1.0,25262.553949974103,80185.5000000001,18.809962436947743,7609.686197893321,109.91701772287064,1.6667761268361723,0.9663012122512715,627454.9653609518