Capacity Factor A,Capacity Factor F,FFTT Factor,TSTT,Total Demand,Average Time (min),Average Distance (m),Congestion(%),Weighted Link Congestion,Weighted VC Ratio,Vehicle Kilometres Travelled
0.6,0.7,1.0,12360.861048315852,57185.500000000015,12.910836876697772,7252.856755542673,56.32125554707124,1.254669581854704,0.6556031992193451,415548.99091730744