Capacity Factor A,Capacity Factor F,FFTT Factor,TSTT,Total Demand,Average Time (min),Average Distance (m),Congestion(%),Weighted Link Congestion,Weighted VC Ratio,Vehicle Kilometres Travelled
0.6,0.7,1.0,8043.7138982425695,42185.49999999998,11.387460244779353,7215.023317843737,51.39368224753107,1.143613233453727,0.48985271373772155,303277.15252659627