Capacity Factor A,Capacity Factor F,FFTT Factor,TSTT,Total Demand,Average Time (min),Average Distance (m),Congestion(%),Weighted Link Congestion,Weighted VC Ratio,Vehicle Kilometres Travelled
0.6,0.7,1.0,11664.251830578754,58185.50000000001,11.96840988543589,7137.06461532204,43.24403522454732,1.2330639028262989,0.6503364629618229,412696.86733063747