Capacity Factor A,Capacity Factor F,FFTT Factor,TSTT,Total Demand,Average Time (min),Average Distance (m),Congestion(%),Weighted Link Congestion,Weighted VC Ratio,Vehicle Kilometres Travelled
0.6,0.7,1.0,20067.772816915403,163169.99999999956,7.343157732644463,5971.429289713435,23.533046958448356,1.106139772101081,0.4804931390486484,964245.1735623833