Capacity Factor A,Capacity Factor F,FFTT Factor,TSTT,Total Demand,Average Time (min),Average Distance (m),Congestion(%),Weighted Link Congestion,Weighted VC Ratio,Vehicle Kilometres Travelled
0.6,0.7,1.0,27886.651956833874,80185.5000000001,20.764230170014912,8140.238919046345,156.6749159958325,1.739867086491535,0.9617176760257179,640373.5274699117