Capacity Factor A,Capacity Factor F,FFTT Factor,TSTT,Total Demand,Average Time (min),Average Distance (m),Congestion(%),Weighted Link Congestion,Weighted VC Ratio,Vehicle Kilometres Travelled
0.6,0.7,1.0,847633.9038097902,898948.0000000035,56.2974809457864,8572.343670617243,614.5141424809714,4.413083683129642,1.6277026014087108,7774191.8322444325