Capacity Factor A,Capacity Factor F,FFTT Factor,TSTT,Total Demand,Average Time (min),Average Distance (m),Congestion(%),Weighted Link Congestion,Weighted VC Ratio,Vehicle Kilometres Travelled
0.6,0.7,1.0,5336.826779190896,35185.500000000065,9.062639575139217,6941.172461772663,12.920379584816533,1.0585279850186011,0.38698791005002836,242782.89092280812