Capacity Factor A,Capacity Factor F,FFTT Factor,TSTT,Total Demand,Average Time (min),Average Distance (m),Congestion(%),Weighted Link Congestion,Weighted VC Ratio,Vehicle Kilometres Travelled
0.6,0.7,1.0,58777.15423333594,87185.50000000006,40.24921670249174,8524.258435446021,507.7518174137661,2.7431476796317082,1.1578722270711912,744647.5211462291