Capacity Factor A,Capacity Factor F,FFTT Factor,TSTT,Total Demand,Average Time (min),Average Distance (m),Congestion(%),Weighted Link Congestion,Weighted VC Ratio,Vehicle Kilometres Travelled
0.6,0.7,1.0,12644.990926677277,52185.499999999774,14.469748782874113,7437.556640511894,91.50565330994974,1.2859926537937925,0.6353786595503609,392222.6354041395