Capacity Factor A,Capacity Factor F,FFTT Factor,TSTT,Total Demand,Average Time (min),Average Distance (m),Congestion(%),Weighted Link Congestion,Weighted VC Ratio,Vehicle Kilometres Travelled
0.6,0.7,1.0,8256.017659357549,46185.50000000006,10.672717981169013,7020.722486263854,29.41899069673046,1.1311208891449236,0.5232325206174875,328377.76347910817