Capacity Factor A,Capacity Factor F,FFTT Factor,TSTT,Total Demand,Average Time (min),Average Distance (m),Congestion(%),Weighted Link Congestion,Weighted VC Ratio,Vehicle Kilometres Travelled
0.6,0.7,1.0,66019.44031671494,328600.0000000015,11.997479207599865,10728.293856841685,22.80479510223914,1.1306030048179079,0.575533917208422,3544600.4644024037