Capacity Factor A,Capacity Factor F,FFTT Factor,TSTT,Total Demand,Average Time (min),Average Distance (m),Congestion(%),Weighted Link Congestion,Weighted VC Ratio,Vehicle Kilometres Travelled
0.6,0.7,1.0,27402.093640890693,83185.49999999959,19.66724820851035,7716.150426371246,118.76595370162298,1.7287819827576534,0.992444074520773,652681.9673855128