Capacity Factor A,Capacity Factor F,FFTT Factor,TSTT,Total Demand,Average Time (min),Average Distance (m),Congestion(%),Weighted Link Congestion,Weighted VC Ratio,Vehicle Kilometres Travelled
0.6,0.7,1.0,12680.037737476048,60185.49999999984,12.582874939843057,7146.695831357815,57.07962307938131,1.2689129968283581,0.675578264439908,434078.12110264366