Capacity Factor A,Capacity Factor F,FFTT Factor,TSTT,Total Demand,Average Time (min),Average Distance (m),Congestion(%),Weighted Link Congestion,Weighted VC Ratio,Vehicle Kilometres Travelled
0.6,0.7,1.0,37941.68146661272,90185.49999999983,25.11878628126054,7949.13587379591,178.65894313755715,2.0755333085592067,1.121867939874485,734386.8665429769