Capacity Factor A,Capacity Factor F,FFTT Factor,TSTT,Total Demand,Average Time (min),Average Distance (m),Congestion(%),Weighted Link Congestion,Weighted VC Ratio,Vehicle Kilometres Travelled
0.6,0.7,1.0,189223.63268753077,473757.99999999674,23.851791688589643,16868.475544577657,48.42492571360455,1.1955018166315767,0.6873602400855279,8013599.74096965