Capacity Factor A,Capacity Factor F,FFTT Factor,TSTT,Total Demand,Average Time (min),Average Distance (m),Congestion(%),Weighted Link Congestion,Weighted VC Ratio,Vehicle Kilometres Travelled
0.6,0.7,1.0,8589.95218008275,48185.499999999876,10.645627485061333,7069.355965034813,29.08971412077781,1.145457871075939,0.5455493954610524,339531.5282038618