Capacity Factor A,Capacity Factor F,FFTT Factor,TSTT,Total Demand,Average Time (min),Average Distance (m),Congestion(%),Weighted Link Congestion,Weighted VC Ratio,Vehicle Kilometres Travelled
0.6,0.7,1.0,14829.480462809714,132089.9999999997,6.704378015788218,5816.900514765442,14.088931681461592,1.0591856232359718,0.38510889775979945,770539.0522861665