Capacity Factor A,Capacity Factor F,FFTT Factor,TSTT,Total Demand,Average Time (min),Average Distance (m),Congestion(%),Weighted Link Congestion,Weighted VC Ratio,Vehicle Kilometres Travelled
0.6,0.7,1.0,34219.449459366,220149.99999999948,9.28012800823136,6017.9266539019345,53.95139215494562,1.2618542698745072,0.6638596801571062,1334827.7725130564