Capacity Factor A,Capacity Factor F,FFTT Factor,TSTT,Total Demand,Average Time (min),Average Distance (m),Congestion(%),Weighted Link Congestion,Weighted VC Ratio,Vehicle Kilometres Travelled
0.6,0.7,1.0,66450.55555161172,345154.0000000016,11.496079244420004,8619.687476342666,36.2235046178071,1.2281608320995803,0.6794580136590737,2986078.9942286354