Capacity Factor A,Capacity Factor F,FFTT Factor,TSTT,Total Demand,Average Time (min),Average Distance (m),Congestion(%),Weighted Link Congestion,Weighted VC Ratio,Vehicle Kilometres Travelled
0.6,0.7,1.0,41413.60017442121,92185.4999999997,26.82479389618834,8014.4307572472035,196.31141279489577,2.1899841459114953,1.159449393970589,758968.8511610825