Capacity Factor A,Capacity Factor F,FFTT Factor,TSTT,Total Demand,Average Time (min),Average Distance (m),Congestion(%),Weighted Link Congestion,Weighted VC Ratio,Vehicle Kilometres Travelled
0.6,0.7,1.0,47225.37362130204,275538.0000000012,10.234345881262033,6528.683101866768,57.01599785271352,1.2613879819427918,0.7647765634532578,1809768.3358925392