Capacity Factor A,Capacity Factor F,FFTT Factor,TSTT,Total Demand,Average Time (min),Average Distance (m),Congestion(%),Weighted Link Congestion,Weighted VC Ratio,Vehicle Kilometres Travelled
0.6,0.7,1.0,31231.33818150187,87185.50000000006,21.387217798222792,7664.721231477148,141.75084607132007,1.8857594709563947,1.0636481277215142,678660.406055764