Capacity Factor A,Capacity Factor F,FFTT Factor,TSTT,Total Demand,Average Time (min),Average Distance (m),Congestion(%),Weighted Link Congestion,Weighted VC Ratio,Vehicle Kilometres Travelled
0.6,0.7,1.0,11561.114043867188,51185.49999999988,13.487088357979804,7351.359518350113,81.77356168884387,1.2555345356792815,0.6173297291026658,379128.45350871194