Capacity Factor A,Capacity Factor F,FFTT Factor,TSTT,Total Demand,Average Time (min),Average Distance (m),Congestion(%),Weighted Link Congestion,Weighted VC Ratio,Vehicle Kilometres Travelled
0.6,0.7,1.0,11374.93527427171,51185.49999999988,13.272017738349408,7358.809736901909,80.01913140571588,1.2457688326734015,0.609571998373553,376210.73956946476