Capacity Factor A,Capacity Factor F,FFTT Factor,TSTT,Total Demand,Average Time (min),Average Distance (m),Congestion(%),Weighted Link Congestion,Weighted VC Ratio,Vehicle Kilometres Travelled
0.6,0.7,1.0,7706.184037639326,40185.50000000004,11.450307929645724,7208.583474171621,49.36610890115756,1.1344342627071795,0.47360007816987365,290665.54142978607