Capacity Factor A,Capacity Factor F,FFTT Factor,TSTT,Total Demand,Average Time (min),Average Distance (m),Congestion(%),Weighted Link Congestion,Weighted VC Ratio,Vehicle Kilometres Travelled
0.6,0.7,1.0,25879.594931169333,120095.99999999955,12.867425371543684,13732.476093453497,10.448935894036238,1.046240796687129,0.37663213527917083,1654300.5482932718