Capacity Factor A,Capacity Factor F,FFTT Factor,TSTT,Total Demand,Average Time (min),Average Distance (m),Congestion(%),Weighted Link Congestion,Weighted VC Ratio,Vehicle Kilometres Travelled
0.6,0.7,1.0,122272.2889936928,455800.00000000134,16.019888395475494,10924.455530674215,61.8415859054267,1.3639019592519679,0.8096530900342652,5008177.697600418