Capacity Factor A,Capacity Factor F,FFTT Factor,TSTT,Total Demand,Average Time (min),Average Distance (m),Congestion(%),Weighted Link Congestion,Weighted VC Ratio,Vehicle Kilometres Travelled
0.6,0.7,1.0,126204.11977583855,496670.00000000425,15.178794725445053,10955.409461168345,78.58475711880043,1.373491805472657,0.6824358077568202,5449623.856490615