Capacity Factor A,Capacity Factor F,FFTT Factor,TSTT,Total Demand,Average Time (min),Average Distance (m),Congestion(%),Weighted Link Congestion,Weighted VC Ratio,Vehicle Kilometres Travelled
0.6,0.7,1.0,28916.108127120493,85185.49999999996,20.267054001598666,7608.550708897734,130.60000355047973,1.806442079390353,1.0273844714947638,658395.4991100742