Capacity Factor A,Capacity Factor F,FFTT Factor,TSTT,Total Demand,Average Time (min),Average Distance (m),Congestion(%),Weighted Link Congestion,Weighted VC Ratio,Vehicle Kilometres Travelled
0.6,0.7,1.0,17256.485094111715,59185.50000000013,17.414232146066876,7895.724807634893,135.46899428667513,1.4449650796195663,0.7406021067676712,459006.4404432565