Capacity Factor A,Capacity Factor F,FFTT Factor,TSTT,Total Demand,Average Time (min),Average Distance (m),Congestion(%),Weighted Link Congestion,Weighted VC Ratio,Vehicle Kilometres Travelled
0.6,0.7,1.0,10846.495688729396,55185.49999999989,11.736450144857255,7168.603521423391,37.03937791985066,1.2033170147293037,0.6257279786917493,396180.2985703335