Capacity Factor A,Capacity Factor F,FFTT Factor,TSTT,Total Demand,Average Time (min),Average Distance (m),Congestion(%),Weighted Link Congestion,Weighted VC Ratio,Vehicle Kilometres Travelled
0.6,0.7,1.0,9398.376588067049,46185.50000000006,12.154166076479523,7303.266588422671,62.58252531666224,1.1838414706611948,0.5436431219387259,337227.8886135659