Capacity Factor A,Capacity Factor F,FFTT Factor,TSTT,Total Demand,Average Time (min),Average Distance (m),Congestion(%),Weighted Link Congestion,Weighted VC Ratio,Vehicle Kilometres Travelled
0.6,0.7,1.0,38918.32470941203,250304.00000000081,9.284174497142063,8439.816939262715,14.428284524519519,1.084936205804905,0.483456235598995,2124506.857599144