Capacity Factor A,Capacity Factor F,FFTT Factor,TSTT,Total Demand,Average Time (min),Average Distance (m),Congestion(%),Weighted Link Congestion,Weighted VC Ratio,Vehicle Kilometres Travelled
0.6,0.7,1.0,5746.160364414726,36185.499999999985,9.481471948307751,6963.981506440332,16.182323905887475,1.068362682203631,0.4048054666838216,251465.10091911646