Capacity Factor A,Capacity Factor F,FFTT Factor,TSTT,Total Demand,Average Time (min),Average Distance (m),Congestion(%),Weighted Link Congestion,Weighted VC Ratio,Vehicle Kilometres Travelled
0.6,0.7,1.0,186591.6094496874,485200.0000000003,22.959267364710282,7812.439719608426,242.0822657177734,2.324882174254679,1.185763910221149,3808115.788326157