Capacity Factor A,Capacity Factor F,FFTT Factor,TSTT,Total Demand,Average Time (min),Average Distance (m),Congestion(%),Weighted Link Congestion,Weighted VC Ratio,Vehicle Kilometres Travelled
0.6,0.7,1.0,17845.086733946566,71185.50000000004,14.97046709494709,7177.755144661326,89.581725167174,1.4332635778997835,0.8133582875606257,520634.0215039504