Capacity Factor A,Capacity Factor F,FFTT Factor,TSTT,Total Demand,Average Time (min),Average Distance (m),Congestion(%),Weighted Link Congestion,Weighted VC Ratio,Vehicle Kilometres Travelled
0.6,0.7,1.0,74131.79116984105,395010.0000000033,11.208151714139227,10785.689795561444,37.036955444568484,1.1682830267075015,0.5291047298661499,4283905.682079011