Capacity Factor A,Capacity Factor F,FFTT Factor,TSTT,Total Demand,Average Time (min),Average Distance (m),Congestion(%),Weighted Link Congestion,Weighted VC Ratio,Vehicle Kilometres Travelled
0.6,0.7,1.0,67318.63292229488,90185.49999999983,44.571963665015325,8408.048671244223,575.437585587687,2.998046504246788,1.2133105437783285,776290.0375137102