Capacity Factor A,Capacity Factor F,FFTT Factor,TSTT,Total Demand,Average Time (min),Average Distance (m),Congestion(%),Weighted Link Congestion,Weighted VC Ratio,Vehicle Kilometres Travelled
0.6,0.7,1.0,12003.088291399676,52185.499999999774,13.736902382484233,7384.2654486798,86.05704221686592,1.2697572065758114,0.6262031515970935,387705.51962972636