Capacity Factor A,Capacity Factor F,FFTT Factor,TSTT,Total Demand,Average Time (min),Average Distance (m),Congestion(%),Weighted Link Congestion,Weighted VC Ratio,Vehicle Kilometres Travelled
0.6,0.7,1.0,155708.27957938178,284410.0000000002,32.68876453976225,8372.014862866285,298.91929439754426,3.0811128632577023,1.4537208934101529,2391116.789715245