Capacity Factor A,Capacity Factor F,FFTT Factor,TSTT,Total Demand,Average Time (min),Average Distance (m),Congestion(%),Weighted Link Congestion,Weighted VC Ratio,Vehicle Kilometres Travelled
0.6,0.7,1.0,37106.66741734236,92185.4999999997,24.03549422192894,7893.14250473543,170.03579813596065,2.07793481246015,1.133852941010116,726262.735182675