Capacity Factor A,Capacity Factor F,FFTT Factor,TSTT,Total Demand,Average Time (min),Average Distance (m),Congestion(%),Weighted Link Congestion,Weighted VC Ratio,Vehicle Kilometres Travelled
0.6,0.7,1.0,13245.077958818432,62185.50000000002,12.717473792382703,7091.783985365351,51.33144177677514,1.2828506436861251,0.7015310458561018,445066.37464556494