Capacity Factor A,Capacity Factor F,FFTT Factor,TSTT,Total Demand,Average Time (min),Average Distance (m),Congestion(%),Weighted Link Congestion,Weighted VC Ratio,Vehicle Kilometres Travelled
0.6,0.7,1.0,37987.76482603555,79185.49999999974,28.640914548776124,7780.215025760098,337.4944938282964,2.1393054400492595,1.012674437512638,625074.3450657148