Capacity Factor A,Capacity Factor F,FFTT Factor,TSTT,Total Demand,Average Time (min),Average Distance (m),Congestion(%),Weighted Link Congestion,Weighted VC Ratio,Vehicle Kilometres Travelled
0.6,0.7,1.0,29180.866023023063,85185.49999999996,20.453505850834322,7709.065932310392,132.07398958086057,1.818110895765027,1.0358594039130196,659262.5348724632