Capacity Factor A,Capacity Factor F,FFTT Factor,TSTT,Total Demand,Average Time (min),Average Distance (m),Congestion(%),Weighted Link Congestion,Weighted VC Ratio,Vehicle Kilometres Travelled
0.6,0.7,1.0,4888.373424370385,33185.499999999935,8.796394864044832,6826.559456646177,10.23198031493684,1.0470811177462505,0.3610369144677725,226827.9655947661