Capacity Factor A,Capacity Factor F,FFTT Factor,TSTT,Total Demand,Average Time (min),Average Distance (m),Congestion(%),Weighted Link Congestion,Weighted VC Ratio,Vehicle Kilometres Travelled
0.6,0.7,1.0,544211.4960783034,732225.9999999899,44.37775954931511,17678.394218038073,176.17708966219573,1.8593430932988124,1.1450538550736031,1.3006273420254663E7