Capacity Factor A,Capacity Factor F,FFTT Factor,TSTT,Total Demand,Average Time (min),Average Distance (m),Congestion(%),Weighted Link Congestion,Weighted VC Ratio,Vehicle Kilometres Travelled
0.6,0.7,1.0,10782.794234780751,57185.500000000015,11.259417573213188,6981.588766431339,33.90229488463583,1.2001856010071907,0.6363829970185855,403968.8052848127