Capacity Factor A,Capacity Factor F,FFTT Factor,TSTT,Total Demand,Average Time (min),Average Distance (m),Congestion(%),Weighted Link Congestion,Weighted VC Ratio,Vehicle Kilometres Travelled
0.6,0.7,1.0,19853.32482884599,71185.50000000004,16.65723244068652,7528.04257687171,90.20226454068354,1.4975680730107839,0.8487622999680632,538174.70989133