Capacity Factor A,Capacity Factor F,FFTT Factor,TSTT,Total Demand,Average Time (min),Average Distance (m),Congestion(%),Weighted Link Congestion,Weighted VC Ratio,Vehicle Kilometres Travelled
0.6,0.7,1.0,181767.98099725303,563140.0000000065,19.270677890198698,11027.513024709468,121.5802282708121,1.5891139509946302,0.7876591543974394,6235153.869212238