Capacity Factor A,Capacity Factor F,FFTT Factor,TSTT,Total Demand,Average Time (min),Average Distance (m),Congestion(%),Weighted Link Congestion,Weighted VC Ratio,Vehicle Kilometres Travelled
0.6,0.7,1.0,83472.59439405569,95185.50000000006,52.3579072005477,8833.60687818648,704.6256334954829,3.440048598266086,1.2807385928597084,826409.2832866139