Capacity Factor A,Capacity Factor F,FFTT Factor,TSTT,Total Demand,Average Time (min),Average Distance (m),Congestion(%),Weighted Link Congestion,Weighted VC Ratio,Vehicle Kilometres Travelled
0.6,0.7,1.0,84343.37081006091,95185.50000000006,52.901266937046536,8389.098005215988,709.1697544309637,3.4779272989679475,1.291655777260579,832367.9288931843