Capacity Factor A,Capacity Factor F,FFTT Factor,TSTT,Total Demand,Average Time (min),Average Distance (m),Congestion(%),Weighted Link Congestion,Weighted VC Ratio,Vehicle Kilometres Travelled
0.6,0.7,1.0,11923.625478237871,58185.50000000001,12.234627848464587,7152.297243587069,51.928849942643396,1.246172268768388,0.6568801395804714,417583.48352274456