Capacity Factor A,Capacity Factor F,FFTT Factor,TSTT,Total Demand,Average Time (min),Average Distance (m),Congestion(%),Weighted Link Congestion,Weighted VC Ratio,Vehicle Kilometres Travelled
0.6,0.7,1.0,15543.562664319807,66185.49999999984,14.02339679439685,7198.861645895035,64.82164221069127,1.3620553796157948,0.7717921995970088,484417.5007182429