Capacity Factor A,Capacity Factor F,FFTT Factor,TSTT,Total Demand,Average Time (min),Average Distance (m),Congestion(%),Weighted Link Congestion,Weighted VC Ratio,Vehicle Kilometres Travelled
0.6,0.7,1.0,6546.941591278107,36185.499999999985,10.801916420302643,6960.4011052680835,40.264374694842076,1.1038148613024898,0.42073514549055957,256346.69741564122