Capacity Factor A,Capacity Factor F,FFTT Factor,TSTT,Total Demand,Average Time (min),Average Distance (m),Congestion(%),Weighted Link Congestion,Weighted VC Ratio,Vehicle Kilometres Travelled
0.6,0.7,1.0,22771.650140103065,67185.5000000001,20.23996063358056,7677.468798803501,192.352579098175,1.6417804498113826,0.839968083494367,521593.21466216125