Capacity Factor A,Capacity Factor F,FFTT Factor,TSTT,Total Demand,Average Time (min),Average Distance (m),Congestion(%),Weighted Link Congestion,Weighted VC Ratio,Vehicle Kilometres Travelled
0.6,0.7,1.0,70395.14645884432,91185.49999999988,46.092959296414605,8452.707012239247,600.1172706283834,3.0867988968030966,1.2292298917354771,786545.7370766357