Capacity Factor A,Capacity Factor F,FFTT Factor,TSTT,Total Demand,Average Time (min),Average Distance (m),Congestion(%),Weighted Link Congestion,Weighted VC Ratio,Vehicle Kilometres Travelled
0.6,0.7,1.0,29512.795533827906,85185.49999999996,20.68961762570309,7735.311158851235,164.5553034739263,1.8152441152730932,1.0046414301623545,657395.9602589317