Capacity Factor A,Capacity Factor F,FFTT Factor,TSTT,Total Demand,Average Time (min),Average Distance (m),Congestion(%),Weighted Link Congestion,Weighted VC Ratio,Vehicle Kilometres Travelled
0.6,0.7,1.0,28586.950081094834,81185.49999999965,21.02228184850416,8172.1260288458125,160.36558816426987,1.7578194289878688,0.9688097995625293,646489.2191189008