Capacity Factor A,Capacity Factor F,FFTT Factor,TSTT,Total Demand,Average Time (min),Average Distance (m),Congestion(%),Weighted Link Congestion,Weighted VC Ratio,Vehicle Kilometres Travelled
0.6,0.7,1.0,476992.3111536552,701455.9999999944,40.60720619785601,17598.903347111827,152.6752625578607,1.733255601461614,1.0871049812089777,1.2393832884706002E7