Capacity Factor A,Capacity Factor F,FFTT Factor,TSTT,Total Demand,Average Time (min),Average Distance (m),Congestion(%),Weighted Link Congestion,Weighted VC Ratio,Vehicle Kilometres Travelled
0.6,0.7,1.0,77178.85954019925,402830.0000000023,11.442607678787311,10856.24427635224,39.435513409056334,1.1802413069803592,0.5405420401926867,4371533.333171407