Capacity Factor A,Capacity Factor F,FFTT Factor,TSTT,Total Demand,Average Time (min),Average Distance (m),Congestion(%),Weighted Link Congestion,Weighted VC Ratio,Vehicle Kilometres Travelled
0.6,0.7,1.0,34472.270222648156,148096.00000000087,13.898613864202442,13757.95338423759,19.255662757380886,1.0878499779444333,0.470149011611574,2047283.8629577071