Capacity Factor A,Capacity Factor F,FFTT Factor,TSTT,Total Demand,Average Time (min),Average Distance (m),Congestion(%),Weighted Link Congestion,Weighted VC Ratio,Vehicle Kilometres Travelled
0.6,0.7,1.0,193761.76766391296,479911.999999996,24.10541988269606,16894.300664260107,49.97349501425692,1.203092619139843,0.6976006226975101,8128917.915638596