Capacity Factor A,Capacity Factor F,FFTT Factor,TSTT,Total Demand,Average Time (min),Average Distance (m),Congestion(%),Weighted Link Congestion,Weighted VC Ratio,Vehicle Kilometres Travelled
0.6,0.7,1.0,13867.709781973019,62185.50000000002,13.314695911624936,7263.8178420592785,53.064743529862746,1.299216786476274,0.7175633756660014,456453.48942891794