Capacity Factor A,Capacity Factor F,FFTT Factor,TSTT,Total Demand,Average Time (min),Average Distance (m),Congestion(%),Weighted Link Congestion,Weighted VC Ratio,Vehicle Kilometres Travelled
0.6,0.7,1.0,648674.0859124082,768499.9999999992,50.3936816916115,11269.672475934793,394.1017718616222,3.484858741808151,1.4257260388009634,8727124.758849349