Capacity Factor A,Capacity Factor F,FFTT Factor,TSTT,Total Demand,Average Time (min),Average Distance (m),Congestion(%),Weighted Link Congestion,Weighted VC Ratio,Vehicle Kilometres Travelled
0.6,0.7,1.0,5095.776189906927,34185.50000000002,8.9013432156076,6828.898238298791,11.123751051544017,1.0516491765844787,0.375768052504353,234164.5410912584