Capacity Factor A,Capacity Factor F,FFTT Factor,TSTT,Total Demand,Average Time (min),Average Distance (m),Congestion(%),Weighted Link Congestion,Weighted VC Ratio,Vehicle Kilometres Travelled
0.6,0.7,1.0,30419.079586443768,208569.99999999977,8.713120182427476,8416.241450529658,9.052649948468638,1.0511216419830662,0.4012612848429643,1759235.354742378