Capacity Factor A,Capacity Factor F,FFTT Factor,TSTT,Total Demand,Average Time (min),Average Distance (m),Congestion(%),Weighted Link Congestion,Weighted VC Ratio,Vehicle Kilometres Travelled
0.6,0.7,1.0,5137.78878752304,33185.499999999935,9.246422508742043,6900.189942032973,13.527704347932845,1.0568856483360007,0.37532210356117784,229986.7808415033