Capacity Factor A,Capacity Factor F,FFTT Factor,TSTT,Total Demand,Average Time (min),Average Distance (m),Congestion(%),Weighted Link Congestion,Weighted VC Ratio,Vehicle Kilometres Travelled
0.6,0.7,1.0,6317.408473360658,39185.50000000003,9.631444698716711,6905.0103332069775,18.748252516045017,1.0870222062360073,0.4408610612032354,270910.3262089796