Capacity Factor A,Capacity Factor F,FFTT Factor,TSTT,Total Demand,Average Time (min),Average Distance (m),Congestion(%),Weighted Link Congestion,Weighted VC Ratio,Vehicle Kilometres Travelled
0.6,0.7,1.0,79214.75181528043,305619.99999999924,15.476728828251956,6313.031825677653,152.2422002981061,1.8009979398848426,0.9601597654125066,1931321.726560003