Capacity Factor A,Capacity Factor F,FFTT Factor,TSTT,Total Demand,Average Time (min),Average Distance (m),Congestion(%),Weighted Link Congestion,Weighted VC Ratio,Vehicle Kilometres Travelled
0.6,0.7,1.0,43851.67227143678,190409.99999999945,13.751710794358507,8107.872167418568,71.14622241958222,1.4698014459667443,0.9479993105189907,1547287.3199999162