Capacity Factor A,Capacity Factor F,FFTT Factor,TSTT,Total Demand,Average Time (min),Average Distance (m),Congestion(%),Weighted Link Congestion,Weighted VC Ratio,Vehicle Kilometres Travelled
0.6,0.7,1.0,227532.7070782043,512150.000000002,26.523676396421074,7822.962821805606,294.4532028834964,2.636907083206705,1.2608031169250962,4036080.0966925477