Capacity Factor A,Capacity Factor F,FFTT Factor,TSTT,Total Demand,Average Time (min),Average Distance (m),Congestion(%),Weighted Link Congestion,Weighted VC Ratio,Vehicle Kilometres Travelled
0.6,0.7,1.0,47289.393421920555,253819.99999999962,11.123058472003326,6094.113178038866,83.11729920751392,1.4187285927279334,0.7762176812442645,1564362.8516478324