Capacity Factor A,Capacity Factor F,FFTT Factor,TSTT,Total Demand,Average Time (min),Average Distance (m),Congestion(%),Weighted Link Congestion,Weighted VC Ratio,Vehicle Kilometres Travelled
0.6,0.7,1.0,131696.60710548292,504490.0000000039,15.585014720700773,10949.708298935204,82.83401126465033,1.3949535905446409,0.6949614401524679,5542860.965206086