Capacity Factor A,Capacity Factor F,FFTT Factor,TSTT,Total Demand,Average Time (min),Average Distance (m),Congestion(%),Weighted Link Congestion,Weighted VC Ratio,Vehicle Kilometres Travelled
0.6,0.7,1.0,8421.592701092006,48185.499999999876,10.436713081158073,6930.483365472158,27.414746335682306,1.1368499599308846,0.53661727754616,336580.1678691211