Capacity Factor A,Capacity Factor F,FFTT Factor,TSTT,Total Demand,Average Time (min),Average Distance (m),Congestion(%),Weighted Link Congestion,Weighted VC Ratio,Vehicle Kilometres Travelled
0.6,0.7,1.0,128992.48632583651,466400.00000000215,16.512082630656277,10981.280659083272,66.65839828857536,1.3933416604169886,0.8299122237406358,5133341.418718357