Capacity Factor A,Capacity Factor F,FFTT Factor,TSTT,Total Demand,Average Time (min),Average Distance (m),Congestion(%),Weighted Link Congestion,Weighted VC Ratio,Vehicle Kilometres Travelled
0.6,0.7,1.0,9407.045842491993,52185.499999999774,10.7631969891042,7009.332150503519,34.280610049226176,1.161147194624977,0.5733764437889035,368202.7240403214