Capacity Factor A,Capacity Factor F,FFTT Factor,TSTT,Total Demand,Average Time (min),Average Distance (m),Congestion(%),Weighted Link Congestion,Weighted VC Ratio,Vehicle Kilometres Travelled
0.6,0.7,1.0,40464.14471459274,80185.5000000001,30.131108767589712,7878.6070640905855,358.67072406726805,2.219582169542059,1.0322919548629932,644429.0059431734