Capacity Factor A,Capacity Factor F,FFTT Factor,TSTT,Total Demand,Average Time (min),Average Distance (m),Congestion(%),Weighted Link Congestion,Weighted VC Ratio,Vehicle Kilometres Travelled
0.6,0.7,1.0,81603.71817041005,96185.4999999998,50.652708779268615,8143.910366576941,703.3806724570173,3.436016957115725,1.282189411397217,805599.3674457507