Capacity Factor A,Capacity Factor F,FFTT Factor,TSTT,Total Demand,Average Time (min),Average Distance (m),Congestion(%),Weighted Link Congestion,Weighted VC Ratio,Vehicle Kilometres Travelled
0.6,0.7,1.0,19160.321425908187,63185.499999999854,18.1058219371961,7712.93237469968,156.2227430795779,1.5181634865274511,0.7805147389211421,484624.015633239