Capacity Factor A,Capacity Factor F,FFTT Factor,TSTT,Total Demand,Average Time (min),Average Distance (m),Congestion(%),Weighted Link Congestion,Weighted VC Ratio,Vehicle Kilometres Travelled
0.6,0.7,1.0,17319.889317312878,59185.50000000013,17.478832827618056,7691.523349422224,135.70515240836255,1.448719537221406,0.7461563677738964,459040.9844448258