Capacity Factor A,Capacity Factor F,FFTT Factor,TSTT,Total Demand,Average Time (min),Average Distance (m),Congestion(%),Weighted Link Congestion,Weighted VC Ratio,Vehicle Kilometres Travelled
0.6,0.7,1.0,30677.190360543853,83185.49999999959,22.02627306506997,8062.542508098403,173.43021288974677,1.8226755305935332,0.9972203244869811,667518.3525359374