Capacity Factor A,Capacity Factor F,FFTT Factor,TSTT,Total Demand,Average Time (min),Average Distance (m),Congestion(%),Weighted Link Congestion,Weighted VC Ratio,Vehicle Kilometres Travelled
0.6,0.7,1.0,70826.50962942676,91185.49999999988,46.37782546082756,8497.595946613666,603.3370740224971,3.0991024288517184,1.2286901616099921,791007.6116865582