Capacity Factor A,Capacity Factor F,FFTT Factor,TSTT,Total Demand,Average Time (min),Average Distance (m),Congestion(%),Weighted Link Congestion,Weighted VC Ratio,Vehicle Kilometres Travelled
0.6,0.7,1.0,13402.189448755318,61185.50000000003,13.081434802380569,7226.468344457263,50.692493519835004,1.2845776227773302,0.704787306018233,447907.4527345848