Capacity Factor A,Capacity Factor F,FFTT Factor,TSTT,Total Demand,Average Time (min),Average Distance (m),Congestion(%),Weighted Link Congestion,Weighted VC Ratio,Vehicle Kilometres Travelled
0.6,0.7,1.0,63223.97169916363,218409.99999999916,17.28216092445151,8246.004996931837,113.1971564314321,1.765798956560928,1.0967389554393694,1797630.0476787877