Capacity Factor A,Capacity Factor F,FFTT Factor,TSTT,Total Demand,Average Time (min),Average Distance (m),Congestion(%),Weighted Link Congestion,Weighted VC Ratio,Vehicle Kilometres Travelled
0.6,0.7,1.0,5870.3039305708535,37185.49999999997,9.42746155509083,6884.094143157121,16.83288665085407,1.0762297443525732,0.41796039188434714,256199.9081607681