Capacity Factor A,Capacity Factor F,FFTT Factor,TSTT,Total Demand,Average Time (min),Average Distance (m),Congestion(%),Weighted Link Congestion,Weighted VC Ratio,Vehicle Kilometres Travelled
0.6,0.7,1.0,39186.244407532395,95185.50000000006,24.578413769436075,7770.708300318124,177.0988526766482,2.1405134752679786,1.152213439416498,739564.535652033