Capacity Factor A,Capacity Factor F,FFTT Factor,TSTT,Total Demand,Average Time (min),Average Distance (m),Congestion(%),Weighted Link Congestion,Weighted VC Ratio,Vehicle Kilometres Travelled
0.6,0.7,1.0,47342.53630463905,196409.99999999965,14.392263083267515,8116.124810247078,78.75233840550841,1.5231397327359555,0.980285264878014,1601887.2691798466