Capacity Factor A,Capacity Factor F,FFTT Factor,TSTT,Total Demand,Average Time (min),Average Distance (m),Congestion(%),Weighted Link Congestion,Weighted VC Ratio,Vehicle Kilometres Travelled
0.6,0.7,1.0,29116.88602825506,73185.49999999988,23.75436785269563,7669.047836175636,254.56377175536912,1.8507176960097564,0.9225702438978765,570022.6412875028