Capacity Factor A,Capacity Factor F,FFTT Factor,TSTT,Total Demand,Average Time (min),Average Distance (m),Congestion(%),Weighted Link Congestion,Weighted VC Ratio,Vehicle Kilometres Travelled
0.6,0.7,1.0,31705.03557950198,73185.49999999988,25.86590131145122,7805.621695166749,272.4304559427448,1.919257936230265,0.9436355899709821,595418.2282552995