Capacity Factor A,Capacity Factor F,FFTT Factor,TSTT,Total Demand,Average Time (min),Average Distance (m),Congestion(%),Weighted Link Congestion,Weighted VC Ratio,Vehicle Kilometres Travelled
0.6,0.7,1.0,26086.02888889073,196450.00000000076,7.93372208744454,7492.008024794802,19.914769225946504,1.0727620605838808,0.4215058028815075,1475925.5217381718