Capacity Factor A,Capacity Factor F,FFTT Factor,TSTT,Total Demand,Average Time (min),Average Distance (m),Congestion(%),Weighted Link Congestion,Weighted VC Ratio,Vehicle Kilometres Travelled
0.6,0.7,1.0,6528.900026779116,39185.50000000003,9.95080996866065,6917.504649053677,21.037977579035562,1.092948443942461,0.44835864074355963,274298.7080373548