Capacity Factor A,Capacity Factor F,FFTT Factor,TSTT,Total Demand,Average Time (min),Average Distance (m),Congestion(%),Weighted Link Congestion,Weighted VC Ratio,Vehicle Kilometres Travelled
0.6,0.7,1.0,8297.141234100758,46185.50000000006,10.728125412292249,7179.945960761598,29.989753301823853,1.1343339471138403,0.5215383601220339,329240.359977829