Capacity Factor A,Capacity Factor F,FFTT Factor,TSTT,Total Demand,Average Time (min),Average Distance (m),Congestion(%),Weighted Link Congestion,Weighted VC Ratio,Vehicle Kilometres Travelled
0.6,0.7,1.0,13185.651300102041,62185.50000000002,12.66077803293931,7080.186230843523,59.63267784004529,1.2808384285849093,0.691697796770565,445350.7030813793