Capacity Factor A,Capacity Factor F,FFTT Factor,TSTT,Total Demand,Average Time (min),Average Distance (m),Congestion(%),Weighted Link Congestion,Weighted VC Ratio,Vehicle Kilometres Travelled
0.6,0.7,1.0,33397.3759302535,85185.49999999996,23.4076578147437,7972.52336009868,190.6339807359945,1.9111237779733965,1.0315855402222727,690994.0888288011