Capacity Factor A,Capacity Factor F,FFTT Factor,TSTT,Total Demand,Average Time (min),Average Distance (m),Congestion(%),Weighted Link Congestion,Weighted VC Ratio,Vehicle Kilometres Travelled
0.6,0.7,1.0,5657.443867340882,36185.499999999985,9.337375640020563,6858.014369709037,14.031723634336402,1.0656090819876458,0.4047163910727199,249956.121715644