Capacity Factor A,Capacity Factor F,FFTT Factor,TSTT,Total Demand,Average Time (min),Average Distance (m),Congestion(%),Weighted Link Congestion,Weighted VC Ratio,Vehicle Kilometres Travelled
0.6,0.7,1.0,214998.37956802495,504450.0000000003,25.445034575231613,7821.642215529558,278.6952526908265,2.542063682948787,1.2389605430221933,3970150.740696884