Capacity Factor A,Capacity Factor F,FFTT Factor,TSTT,Total Demand,Average Time (min),Average Distance (m),Congestion(%),Weighted Link Congestion,Weighted VC Ratio,Vehicle Kilometres Travelled
0.6,0.7,1.0,5773.390283962104,37185.49999999997,9.270675490349829,6797.970701489774,15.400625515670253,1.0712209515498838,0.40910692788790215,253938.89421036007