Capacity Factor A,Capacity Factor F,FFTT Factor,TSTT,Total Demand,Average Time (min),Average Distance (m),Congestion(%),Weighted Link Congestion,Weighted VC Ratio,Vehicle Kilometres Travelled
0.6,0.7,1.0,13375.090956546246,63185.499999999854,12.639283961924674,7292.8721921093065,47.870214308876015,1.286336765800678,0.7181954941561792,456206.812738537