Capacity Factor A,Capacity Factor F,FFTT Factor,TSTT,Total Demand,Average Time (min),Average Distance (m),Congestion(%),Weighted Link Congestion,Weighted VC Ratio,Vehicle Kilometres Travelled
0.6,0.7,1.0,32194.689415282737,84185.49999999994,22.833081217175693,8021.420903972654,183.25379046176414,1.8730195801515321,1.0168779276588649,681028.8440525894