Capacity Factor A,Capacity Factor F,FFTT Factor,TSTT,Total Demand,Average Time (min),Average Distance (m),Congestion(%),Weighted Link Congestion,Weighted VC Ratio,Vehicle Kilometres Travelled
0.6,0.7,1.0,69677.70506465528,218096.00000000146,19.080978395012387,13933.222136635,65.3099055939905,1.3204371996049185,0.7250895090330827,3051308.9572045393