Capacity Factor A,Capacity Factor F,FFTT Factor,TSTT,Total Demand,Average Time (min),Average Distance (m),Congestion(%),Weighted Link Congestion,Weighted VC Ratio,Vehicle Kilometres Travelled
0.6,0.7,1.0,9094.696345337214,44185.49999999998,12.292402298840702,7284.576441870089,60.389005364374505,1.1752893371040432,0.5283224204973869,324585.71916986594