Capacity Factor A,Capacity Factor F,FFTT Factor,TSTT,Total Demand,Average Time (min),Average Distance (m),Congestion(%),Weighted Link Congestion,Weighted VC Ratio,Vehicle Kilometres Travelled
0.6,0.7,1.0,16373.045773869962,67185.5000000001,14.553893004025433,7533.812966713715,66.01014115969338,1.3786467464542478,0.783352730751153,500444.5758314098