Capacity Factor A,Capacity Factor F,FFTT Factor,TSTT,Total Demand,Average Time (min),Average Distance (m),Congestion(%),Weighted Link Congestion,Weighted VC Ratio,Vehicle Kilometres Travelled
0.6,0.7,1.0,6829.610853307926,37185.49999999997,10.968484215956614,7138.558624665489,42.62937851225577,1.1117902017757955,0.4317520945070839,264990.92262992513