Capacity Factor A,Capacity Factor F,FFTT Factor,TSTT,Total Demand,Average Time (min),Average Distance (m),Congestion(%),Weighted Link Congestion,Weighted VC Ratio,Vehicle Kilometres Travelled
0.6,0.7,1.0,6034.35686101943,39185.50000000003,9.202714742137246,6880.575172601501,13.105821153821996,1.0709433103978947,0.4306813456493693,268666.13803820626