Capacity Factor A,Capacity Factor F,FFTT Factor,TSTT,Total Demand,Average Time (min),Average Distance (m),Congestion(%),Weighted Link Congestion,Weighted VC Ratio,Vehicle Kilometres Travelled
0.6,0.7,1.0,11610.566380326756,50185.50000000001,13.813453772414038,7439.584353148381,82.23408492582529,1.2523684285741215,0.6078025857267224,374910.49368054693