Capacity Factor A,Capacity Factor F,FFTT Factor,TSTT,Total Demand,Average Time (min),Average Distance (m),Congestion(%),Weighted Link Congestion,Weighted VC Ratio,Vehicle Kilometres Travelled
0.6,0.7,1.0,899876.7235204815,911432.0000000037,58.94530773228179,8613.449686926187,647.926020583102,4.606640579224926,1.6523157642857456,7888893.675520487