Capacity Factor A,Capacity Factor F,FFTT Factor,TSTT,Total Demand,Average Time (min),Average Distance (m),Congestion(%),Weighted Link Congestion,Weighted VC Ratio,Vehicle Kilometres Travelled
0.6,0.7,1.0,7318.354268845049,44185.49999999998,9.888697532484818,6987.306927454065,22.581008524345858,1.1045357994474032,0.48796132544080606,310114.1999810534