Capacity Factor A,Capacity Factor F,FFTT Factor,TSTT,Total Demand,Average Time (min),Average Distance (m),Congestion(%),Weighted Link Congestion,Weighted VC Ratio,Vehicle Kilometres Travelled
0.6,0.7,1.0,54041.6266018845,85185.49999999996,37.87645475530875,8388.643605644162,467.3586176210798,2.6127495129453657,1.1362785956849435,724749.966714352