Capacity Factor A,Capacity Factor F,FFTT Factor,TSTT,Total Demand,Average Time (min),Average Distance (m),Congestion(%),Weighted Link Congestion,Weighted VC Ratio,Vehicle Kilometres Travelled
0.6,0.7,1.0,4713.008532274165,32185.499999999938,8.749417800344007,6800.857536336921,9.57043103376578,1.043523020713686,0.3530607794569574,219827.5734449188