Capacity Factor A,Capacity Factor F,FFTT Factor,TSTT,Total Demand,Average Time (min),Average Distance (m),Congestion(%),Weighted Link Congestion,Weighted VC Ratio,Vehicle Kilometres Travelled
0.6,0.7,1.0,38816.40300222584,160095.9999999995,14.478449269722988,13817.626681757256,24.329323956544833,1.112594108689902,0.5109982756514125,2216212.932889806