Capacity Factor A,Capacity Factor F,FFTT Factor,TSTT,Total Demand,Average Time (min),Average Distance (m),Congestion(%),Weighted Link Congestion,Weighted VC Ratio,Vehicle Kilometres Travelled
0.6,0.7,1.0,143551.25147189313,487599.99999999814,17.576840693656628,10971.437356302344,76.94967533081724,1.4572480729064536,0.8700503005950281,5379365.4005453