Capacity Factor A,Capacity Factor F,FFTT Factor,TSTT,Total Demand,Average Time (min),Average Distance (m),Congestion(%),Weighted Link Congestion,Weighted VC Ratio,Vehicle Kilometres Travelled
0.6,0.7,1.0,32121.873857464347,227250.00000000081,8.440749876097275,7513.997489430373,27.311562810848656,1.108113518655213,0.49599136940924815,1712005.0320320572