Capacity Factor A,Capacity Factor F,FFTT Factor,TSTT,Total Demand,Average Time (min),Average Distance (m),Congestion(%),Weighted Link Congestion,Weighted VC Ratio,Vehicle Kilometres Travelled
0.6,0.7,1.0,226300.19829703466,489466.0000000011,27.603062152785128,6878.800920457403,327.96439918390126,2.857850853939939,1.4462787991254888,3370391.022205605