Capacity Factor A,Capacity Factor F,FFTT Factor,TSTT,Total Demand,Average Time (min),Average Distance (m),Congestion(%),Weighted Link Congestion,Weighted VC Ratio,Vehicle Kilometres Travelled
0.6,0.7,1.0,39728.65113837816,235689.9999999992,10.064147154258226,6057.432318885847,66.34006043902218,1.327827680501844,0.7149208284178462,1438994.9248149723