Capacity Factor A,Capacity Factor F,FFTT Factor,TSTT,Total Demand,Average Time (min),Average Distance (m),Congestion(%),Weighted Link Congestion,Weighted VC Ratio,Vehicle Kilometres Travelled
0.6,0.7,1.0,429330.8811354851,676840.0000000022,37.87747842981787,17552.526888055934,135.61882209180695,1.6433608775370803,1.042115279353509,1.190825439801562E7