Capacity Factor A,Capacity Factor F,FFTT Factor,TSTT,Total Demand,Average Time (min),Average Distance (m),Congestion(%),Weighted Link Congestion,Weighted VC Ratio,Vehicle Kilometres Travelled
0.6,0.7,1.0,122527.21853207886,427450.00000000134,17.11430776002014,7748.980508024711,156.4474951415794,1.8181632429211678,1.0241951609526156,3321095.371119686