Capacity Factor A,Capacity Factor F,FFTT Factor,TSTT,Total Demand,Average Time (min),Average Distance (m),Congestion(%),Weighted Link Congestion,Weighted VC Ratio,Vehicle Kilometres Travelled
0.6,0.7,1.0,16125.53948213023,69185.49999999984,13.915601002838892,7321.027931204903,61.36054191249676,1.3742034544091475,0.7958557682106403,506624.6693035782