Capacity Factor A,Capacity Factor F,FFTT Factor,TSTT,Total Demand,Average Time (min),Average Distance (m),Congestion(%),Weighted Link Congestion,Weighted VC Ratio,Vehicle Kilometres Travelled
0.6,0.7,1.0,51271.21307343568,287879.9999999996,10.635448593821327,6526.688268795317,63.2445374720755,1.2964288353181335,0.802005490971154,1897748.8169102068