Capacity Factor A,Capacity Factor F,FFTT Factor,TSTT,Total Demand,Average Time (min),Average Distance (m),Congestion(%),Weighted Link Congestion,Weighted VC Ratio,Vehicle Kilometres Travelled
0.6,0.7,1.0,28745.993859409882,81185.49999999965,21.143660483068714,7899.041201406411,161.0381191330105,1.7669651020304635,0.9771153204015468,646852.5597257602