Capacity Factor A,Capacity Factor F,FFTT Factor,TSTT,Total Demand,Average Time (min),Average Distance (m),Congestion(%),Weighted Link Congestion,Weighted VC Ratio,Vehicle Kilometres Travelled
0.6,0.7,1.0,21155.04359479779,76185.49999999993,16.579421718027813,7278.289084383168,110.62550407106602,1.5436147162975882,0.8783606600537903,563059.9207444809