Capacity Factor A,Capacity Factor F,FFTT Factor,TSTT,Total Demand,Average Time (min),Average Distance (m),Congestion(%),Weighted Link Congestion,Weighted VC Ratio,Vehicle Kilometres Travelled
0.6,0.7,1.0,12918.242281897335,58185.50000000001,13.259203935719913,7304.683644758379,60.52790851074015,1.2743870595324212,0.6725909716811584,426532.9178831929