Capacity Factor A,Capacity Factor F,FFTT Factor,TSTT,Total Demand,Average Time (min),Average Distance (m),Congestion(%),Weighted Link Congestion,Weighted VC Ratio,Vehicle Kilometres Travelled
0.6,0.7,1.0,13911.63766100809,56185.50000000003,14.788933162596654,7444.311870137487,104.54259098819816,1.3315547458942485,0.6729283202398103,418080.7060531322