Capacity Factor A,Capacity Factor F,FFTT Factor,TSTT,Total Demand,Average Time (min),Average Distance (m),Congestion(%),Weighted Link Congestion,Weighted VC Ratio,Vehicle Kilometres Travelled
0.6,0.7,1.0,125967.06353667726,431300.00000000076,17.438903205799154,7703.229200704553,161.1780468308685,1.8462670561419072,1.035162532108943,3354219.709649243