Capacity Factor A,Capacity Factor F,FFTT Factor,TSTT,Total Demand,Average Time (min),Average Distance (m),Congestion(%),Weighted Link Congestion,Weighted VC Ratio,Vehicle Kilometres Travelled
0.6,0.7,1.0,363088.98684121895,551176.0000000027,39.33897905199204,6919.500280071057,511.42079491886517,3.9552730716506295,1.644329743276419,3821732.5736454525