Capacity Factor A,Capacity Factor F,FFTT Factor,TSTT,Total Demand,Average Time (min),Average Distance (m),Congestion(%),Weighted Link Congestion,Weighted VC Ratio,Vehicle Kilometres Travelled
0.6,0.7,1.0,58644.375718428644,89185.5000000003,39.27077753561569,8121.825523691617,521.3914827380946,2.7610574171358278,1.1514793709912599,719998.1287391732