Capacity Factor A,Capacity Factor F,FFTT Factor,TSTT,Total Demand,Average Time (min),Average Distance (m),Congestion(%),Weighted Link Congestion,Weighted VC Ratio,Vehicle Kilometres Travelled
0.6,0.7,1.0,30353.449283743525,72185.49999999994,25.10863231869401,8196.06560778664,259.61222492057266,1.8753325102214933,0.9277459721979096,584115.9334680608