Capacity Factor A,Capacity Factor F,FFTT Factor,TSTT,Total Demand,Average Time (min),Average Distance (m),Congestion(%),Weighted Link Congestion,Weighted VC Ratio,Vehicle Kilometres Travelled
0.6,0.7,1.0,26378.990400932136,82185.49999999948,19.163331041138775,7513.247236592724,118.59407429297266,1.7243523590920093,0.9934789371859394,629868.303445535