Capacity Factor A,Capacity Factor F,FFTT Factor,TSTT,Total Demand,Average Time (min),Average Distance (m),Congestion(%),Weighted Link Congestion,Weighted VC Ratio,Vehicle Kilometres Travelled
0.6,0.7,1.0,17621.33711481118,72185.49999999994,14.577852519589165,7299.39002352548,68.56781004302302,1.4223841306612868,0.8280165172776875,532042.5605326276