Capacity Factor A,Capacity Factor F,FFTT Factor,TSTT,Total Demand,Average Time (min),Average Distance (m),Congestion(%),Weighted Link Congestion,Weighted VC Ratio,Vehicle Kilometres Travelled
0.6,0.7,1.0,16678.079427450073,66185.49999999984,15.04515709619408,7521.592576911264,73.30756695090767,1.3937388103719945,0.7801429919317592,492880.70475222234