Capacity Factor A,Capacity Factor F,FFTT Factor,TSTT,Total Demand,Average Time (min),Average Distance (m),Congestion(%),Weighted Link Congestion,Weighted VC Ratio,Vehicle Kilometres Travelled
0.6,0.7,1.0,27965.6565945996,84185.49999999994,19.83668450807327,7641.787204671758,126.18782882703331,1.7748888037797426,1.0134945360200969,648537.9937486749