Capacity Factor A,Capacity Factor F,FFTT Factor,TSTT,Total Demand,Average Time (min),Average Distance (m),Congestion(%),Weighted Link Congestion,Weighted VC Ratio,Vehicle Kilometres Travelled
0.6,0.7,1.0,59012.31008135173,202096.0000000016,17.434785384601795,13887.742520278893,50.58228034404051,1.2444656293299279,0.6633055686859881,2818480.9160211133