Capacity Factor A,Capacity Factor F,FFTT Factor,TSTT,Total Demand,Average Time (min),Average Distance (m),Congestion(%),Weighted Link Congestion,Weighted VC Ratio,Vehicle Kilometres Travelled
0.6,0.7,1.0,9847.118498691849,46185.50000000006,12.730445023253035,7331.596621936957,66.5521986679138,1.1967174178363404,0.5571625060301396,340319.10116212