Capacity Factor A,Capacity Factor F,FFTT Factor,TSTT,Total Demand,Average Time (min),Average Distance (m),Congestion(%),Weighted Link Congestion,Weighted VC Ratio,Vehicle Kilometres Travelled
0.6,0.7,1.0,29678.081257418307,73185.49999999988,24.211066284494645,7756.073376140236,258.69668907319675,1.8723906211593648,0.9282890595886802,577183.4898473936