Capacity Factor A,Capacity Factor F,FFTT Factor,TSTT,Total Demand,Average Time (min),Average Distance (m),Congestion(%),Weighted Link Congestion,Weighted VC Ratio,Vehicle Kilometres Travelled
0.6,0.7,1.0,211874.55495228685,561799.9999999977,22.521632160809386,11051.457604787713,124.80365355593017,1.757807144591469,1.0140239836017297,6252545.324734632