Capacity Factor A,Capacity Factor F,FFTT Factor,TSTT,Total Demand,Average Time (min),Average Distance (m),Congestion(%),Weighted Link Congestion,Weighted VC Ratio,Vehicle Kilometres Travelled
0.6,0.7,1.0,6294.244498319154,38185.50000000005,9.842778812493005,6951.47847184535,19.891754892753944,1.08732878039583,0.4367172868455101,266636.3094033171