Capacity Factor A,Capacity Factor F,FFTT Factor,TSTT,Total Demand,Average Time (min),Average Distance (m),Congestion(%),Weighted Link Congestion,Weighted VC Ratio,Vehicle Kilometres Travelled
0.6,0.7,1.0,10765.53797866425,48185.499999999876,13.34417410377899,7435.315374581993,74.470469591307,1.228406979976933,0.5892808652200213,359088.5522970081