Capacity Factor A,Capacity Factor F,FFTT Factor,TSTT,Total Demand,Average Time (min),Average Distance (m),Congestion(%),Weighted Link Congestion,Weighted VC Ratio,Vehicle Kilometres Travelled
0.6,0.7,1.0,6771.874686487117,40185.50000000004,10.06484380790198,6884.2357076923545,21.917213557419977,1.0981984502830875,0.4593707445275711,281022.35155610484