Capacity Factor A,Capacity Factor F,FFTT Factor,TSTT,Total Demand,Average Time (min),Average Distance (m),Congestion(%),Weighted Link Congestion,Weighted VC Ratio,Vehicle Kilometres Travelled
0.6,0.7,1.0,112992.11856030542,439899.9999999976,15.335205905481553,10948.715068244846,55.29880702634302,1.3234886371923351,0.7797131307280224,4822441.687670035