Capacity Factor A,Capacity Factor F,FFTT Factor,TSTT,Total Demand,Average Time (min),Average Distance (m),Congestion(%),Weighted Link Congestion,Weighted VC Ratio,Vehicle Kilometres Travelled
0.6,0.7,1.0,21225.846930247735,72185.49999999994,17.565016518268216,7651.7888208658,115.54221475754444,1.5356041484723828,0.8597462340102363,556736.5219667497