Capacity Factor A,Capacity Factor F,FFTT Factor,TSTT,Total Demand,Average Time (min),Average Distance (m),Congestion(%),Weighted Link Congestion,Weighted VC Ratio,Vehicle Kilometres Travelled
0.6,0.7,1.0,39709.44436410889,80185.5000000001,29.576495368839367,7759.655368207257,353.48155118748076,2.1931291042626087,1.027651583933627,634117.6577396835