Capacity Factor A,Capacity Factor F,FFTT Factor,TSTT,Total Demand,Average Time (min),Average Distance (m),Congestion(%),Weighted Link Congestion,Weighted VC Ratio,Vehicle Kilometres Travelled
0.6,0.7,1.0,72834.43609534531,94185.49999999974,46.1724427593383,7976.124179131068,639.9040830092008,3.170539008632892,1.226327199470902,768919.6399190724