Capacity Factor A,Capacity Factor F,FFTT Factor,TSTT,Total Demand,Average Time (min),Average Distance (m),Congestion(%),Weighted Link Congestion,Weighted VC Ratio,Vehicle Kilometres Travelled
0.6,0.7,1.0,7142.241703297127,38185.50000000005,11.17045504387482,7177.215132466364,44.96986284743632,1.1203599322010451,0.44908693864780436,273660.87285082