Capacity Factor A,Capacity Factor F,FFTT Factor,TSTT,Total Demand,Average Time (min),Average Distance (m),Congestion(%),Weighted Link Congestion,Weighted VC Ratio,Vehicle Kilometres Travelled
0.6,0.7,1.0,54968.849995420795,87185.50000000006,37.64187140063913,7863.6724177238775,486.80088202335304,2.661203843797274,1.1359149566897924,715335.7859900554