Capacity Factor A,Capacity Factor F,FFTT Factor,TSTT,Total Demand,Average Time (min),Average Distance (m),Congestion(%),Weighted Link Congestion,Weighted VC Ratio,Vehicle Kilometres Travelled
0.6,0.7,1.0,24490.283854397145,80185.5000000001,18.236015243290254,7515.019375723784,109.27368751456589,1.6587607140141187,0.9575366286550728,610146.5673556721