Capacity Factor A,Capacity Factor F,FFTT Factor,TSTT,Total Demand,Average Time (min),Average Distance (m),Congestion(%),Weighted Link Congestion,Weighted VC Ratio,Vehicle Kilometres Travelled
0.6,0.7,1.0,104547.96263856991,461480.0000000047,13.53310563050792,10917.12542486699,61.245098542688915,1.2876189088096028,0.6285670973698139,5043166.826908295