Capacity Factor A,Capacity Factor F,FFTT Factor,TSTT,Total Demand,Average Time (min),Average Distance (m),Congestion(%),Weighted Link Congestion,Weighted VC Ratio,Vehicle Kilometres Travelled
0.6,0.7,1.0,90699.93420491942,385100.0000000013,14.066535997805877,7723.68456194546,111.06333868140159,1.5576618224351535,0.9084309756190481,2970399.810905491