Capacity Factor A,Capacity Factor F,FFTT Factor,TSTT,Total Demand,Average Time (min),Average Distance (m),Congestion(%),Weighted Link Congestion,Weighted VC Ratio,Vehicle Kilometres Travelled
0.6,0.7,1.0,27154.81157046278,71185.50000000004,22.780223879996225,7831.077310791244,234.98849205911506,1.7884358251181054,0.8988910915261962,558655.5896405666