Capacity Factor A,Capacity Factor F,FFTT Factor,TSTT,Total Demand,Average Time (min),Average Distance (m),Congestion(%),Weighted Link Congestion,Weighted VC Ratio,Vehicle Kilometres Travelled
0.6,0.7,1.0,221110.65593229834,508300.0000000005,25.970243313866632,7836.065185578219,286.51521440419015,2.588131404902328,1.249633159091417,4002565.9499723823