Capacity Factor A,Capacity Factor F,FFTT Factor,TSTT,Total Demand,Average Time (min),Average Distance (m),Congestion(%),Weighted Link Congestion,Weighted VC Ratio,Vehicle Kilometres Travelled
0.6,0.7,1.0,4901.790000979523,33185.499999999935,8.822518078419682,6806.058954379669,10.288971930689051,1.0473278275098894,0.364266513122354,227032.425304691