Capacity Factor A,Capacity Factor F,FFTT Factor,TSTT,Total Demand,Average Time (min),Average Distance (m),Congestion(%),Weighted Link Congestion,Weighted VC Ratio,Vehicle Kilometres Travelled
0.6,0.7,1.0,61421.950485963374,88185.50000000006,41.589762383992216,8613.052923633004,529.8343806929034,2.821388451646563,1.1731403313846114,754855.5191614772