Capacity Factor A,Capacity Factor F,FFTT Factor,TSTT,Total Demand,Average Time (min),Average Distance (m),Congestion(%),Weighted Link Congestion,Weighted VC Ratio,Vehicle Kilometres Travelled
0.6,0.7,1.0,32290.112646962974,89185.5000000003,21.619576991910613,7551.787724135157,144.6303295821399,1.9173337902736611,1.076430659894425,683943.7745721273