Capacity Factor A,Capacity Factor F,FFTT Factor,TSTT,Total Demand,Average Time (min),Average Distance (m),Congestion(%),Weighted Link Congestion,Weighted VC Ratio,Vehicle Kilometres Travelled
0.6,0.7,1.0,33891.884048746106,76185.49999999993,26.56541526380116,7777.39544615929,298.4217794812739,2.00918709593459,0.9720797316811748,605432.4363793699