Capacity Factor A,Capacity Factor F,FFTT Factor,TSTT,Total Demand,Average Time (min),Average Distance (m),Congestion(%),Weighted Link Congestion,Weighted VC Ratio,Vehicle Kilometres Travelled
0.6,0.7,1.0,50399.39763275661,85185.49999999996,35.32326806140041,7838.088176851871,447.88074344368584,2.524125926649376,1.1059102528588256,695237.737070506