Capacity Factor A,Capacity Factor F,FFTT Factor,TSTT,Total Demand,Average Time (min),Average Distance (m),Congestion(%),Weighted Link Congestion,Weighted VC Ratio,Vehicle Kilometres Travelled
0.6,0.7,1.0,33005.59091173244,222056.00000000055,8.874691089268287,6438.93675290427,35.909652154968505,1.1483594708019318,0.6071930616677639,1436122.3589339016