Capacity Factor A,Capacity Factor F,FFTT Factor,TSTT,Total Demand,Average Time (min),Average Distance (m),Congestion(%),Weighted Link Congestion,Weighted VC Ratio,Vehicle Kilometres Travelled
0.6,0.7,1.0,81338.72337465498,308209.99999999936,15.75829289773318,6322.562471363414,156.8707437932367,1.825546715046693,0.9695590880781844,1950425.398799309