Capacity Factor A,Capacity Factor F,FFTT Factor,TSTT,Total Demand,Average Time (min),Average Distance (m),Congestion(%),Weighted Link Congestion,Weighted VC Ratio,Vehicle Kilometres Travelled
0.6,0.7,1.0,11864.733920227349,60185.49999999984,11.772997942844798,7067.73534338531,39.00591270054849,1.2346492329195609,0.6723844102709201,426836.1974085594