Capacity Factor A,Capacity Factor F,FFTT Factor,TSTT,Total Demand,Average Time (min),Average Distance (m),Congestion(%),Weighted Link Congestion,Weighted VC Ratio,Vehicle Kilometres Travelled
0.6,0.7,1.0,27743.514142050608,72185.49999999994,22.946111185879992,7605.975099073982,242.06848094883625,1.8020442400193861,0.9008111659362434,560765.9812425754