Capacity Factor A,Capacity Factor F,FFTT Factor,TSTT,Total Demand,Average Time (min),Average Distance (m),Congestion(%),Weighted Link Congestion,Weighted VC Ratio,Vehicle Kilometres Travelled
0.6,0.7,1.0,15741.88948286511,64185.49999999995,14.64523384442661,7383.245670553159,68.9544801653081,1.3674336627783346,0.7598379743984572,478285.0985102738