Capacity Factor A,Capacity Factor F,FFTT Factor,TSTT,Total Demand,Average Time (min),Average Distance (m),Congestion(%),Weighted Link Congestion,Weighted VC Ratio,Vehicle Kilometres Travelled
0.6,0.7,1.0,9548.986000777828,51185.49999999988,11.139082947097792,7194.866347888796,31.222307777366453,1.16683264167644,0.5808919700536054,365888.0426696217