Capacity Factor A,Capacity Factor F,FFTT Factor,TSTT,Total Demand,Average Time (min),Average Distance (m),Congestion(%),Weighted Link Congestion,Weighted VC Ratio,Vehicle Kilometres Travelled
0.6,0.7,1.0,33138.88068315292,89185.5000000003,22.183527170531466,7843.749793809147,151.02740469234143,1.9453408825547764,1.083440938535864,696697.5432269728