Capacity Factor A,Capacity Factor F,FFTT Factor,TSTT,Total Demand,Average Time (min),Average Distance (m),Congestion(%),Weighted Link Congestion,Weighted VC Ratio,Vehicle Kilometres Travelled
0.6,0.7,1.0,36120.29476909816,95185.50000000006,22.655097081073798,7678.052843016047,150.1925597938993,2.034986648475548,1.1296504354925585,730721.4868989745