Capacity Factor A,Capacity Factor F,FFTT Factor,TSTT,Total Demand,Average Time (min),Average Distance (m),Congestion(%),Weighted Link Congestion,Weighted VC Ratio,Vehicle Kilometres Travelled
0.6,0.7,1.0,34857.85192128843,86185.50000000022,24.14950063799416,8116.437511653496,198.7020437462559,1.9614370866987327,1.0547559323233084,701474.319208764