Capacity Factor A,Capacity Factor F,FFTT Factor,TSTT,Total Demand,Average Time (min),Average Distance (m),Congestion(%),Weighted Link Congestion,Weighted VC Ratio,Vehicle Kilometres Travelled
0.6,0.7,1.0,4926.91964394898,32185.499999999938,9.141110135292411,6941.45743021744,12.57224101995764,1.0527504169025377,0.3602373412493927,222631.11167643068