Capacity Factor A,Capacity Factor F,FFTT Factor,TSTT,Total Demand,Average Time (min),Average Distance (m),Congestion(%),Weighted Link Congestion,Weighted VC Ratio,Vehicle Kilometres Travelled
0.6,0.7,1.0,12237.144694368153,57185.500000000015,12.777347203434328,7218.58680443937,49.736515112680536,1.2531615007950292,0.6602623705443362,414852.0182200597