Capacity Factor A,Capacity Factor F,FFTT Factor,TSTT,Total Demand,Average Time (min),Average Distance (m),Congestion(%),Weighted Link Congestion,Weighted VC Ratio,Vehicle Kilometres Travelled
0.6,0.7,1.0,15819.85596912471,57185.500000000015,16.518350960641584,7577.311393656626,121.45553352926646,1.396423079047419,0.71115795522169,439925.7541463355