Capacity Factor A,Capacity Factor F,FFTT Factor,TSTT,Total Demand,Average Time (min),Average Distance (m),Congestion(%),Weighted Link Congestion,Weighted VC Ratio,Vehicle Kilometres Travelled
0.6,0.7,1.0,259467.21005442162,569000.0000000029,27.230538940787703,9127.233826594804,199.04134525595146,2.3348646873129044,1.1868498333456377,5193106.905630465