Capacity Factor A,Capacity Factor F,FFTT Factor,TSTT,Total Demand,Average Time (min),Average Distance (m),Congestion(%),Weighted Link Congestion,Weighted VC Ratio,Vehicle Kilometres Travelled
0.6,0.7,1.0,78183.70300363757,95185.50000000006,49.04382435024002,8127.157172813451,676.6459020849392,3.3412340390393434,1.266989043756866,795576.2578363143