Capacity Factor A,Capacity Factor F,FFTT Factor,TSTT,Total Demand,Average Time (min),Average Distance (m),Congestion(%),Weighted Link Congestion,Weighted VC Ratio,Vehicle Kilometres Travelled
0.6,0.7,1.0,15833.93867599116,59185.50000000013,15.973215802454416,7469.926957772667,123.64072349168134,1.399162700738802,0.7140212815819477,443411.52406922233