Capacity Factor A,Capacity Factor F,FFTT Factor,TSTT,Total Demand,Average Time (min),Average Distance (m),Congestion(%),Weighted Link Congestion,Weighted VC Ratio,Vehicle Kilometres Travelled
0.6,0.7,1.0,25929.628937891535,81185.49999999965,19.072384911021164,7804.880637299157,112.99333754238057,1.6843321864527252,0.972111637207653,637414.9163669572