Capacity Factor A,Capacity Factor F,FFTT Factor,TSTT,Total Demand,Average Time (min),Average Distance (m),Congestion(%),Weighted Link Congestion,Weighted VC Ratio,Vehicle Kilometres Travelled
0.6,0.7,1.0,22933.506540473358,80185.5000000001,17.07640824535067,7370.906546889086,94.00882995629414,1.5999945493807004,0.9423565527246351,603583.6818532596