Capacity Factor A,Capacity Factor F,FFTT Factor,TSTT,Total Demand,Average Time (min),Average Distance (m),Congestion(%),Weighted Link Congestion,Weighted VC Ratio,Vehicle Kilometres Travelled
0.6,0.7,1.0,26442.838340831917,122096.00000000095,12.935848303533476,13761.329688665475,10.947654346888491,1.0488463821414657,0.3832501237752282,1681832.4192758738