Capacity Factor A,Capacity Factor F,FFTT Factor,TSTT,Total Demand,Average Time (min),Average Distance (m),Congestion(%),Weighted Link Congestion,Weighted VC Ratio,Vehicle Kilometres Travelled
0.6,0.7,1.0,4774.961984848703,32185.499999999938,8.859981392262485,6739.669160712265,11.359871892322726,1.0493970135248467,0.3557995021807751,218476.40458274266