Capacity Factor A,Capacity Factor F,FFTT Factor,TSTT,Total Demand,Average Time (min),Average Distance (m),Congestion(%),Weighted Link Congestion,Weighted VC Ratio,Vehicle Kilometres Travelled
0.6,0.7,1.0,14212.548824247177,56185.50000000003,15.105337133840871,7402.941026164225,107.10659165098346,1.346430216563998,0.6815840156519379,421793.5959981812