Capacity Factor A,Capacity Factor F,FFTT Factor,TSTT,Total Demand,Average Time (min),Average Distance (m),Congestion(%),Weighted Link Congestion,Weighted VC Ratio,Vehicle Kilometres Travelled
0.6,0.7,1.0,13019.778842845506,63185.499999999854,12.30710071299006,7154.543510357378,44.56895777502376,1.2715051556672907,0.7096158744354208,450902.7586064681