Capacity Factor A,Capacity Factor F,FFTT Factor,TSTT,Total Demand,Average Time (min),Average Distance (m),Congestion(%),Weighted Link Congestion,Weighted VC Ratio,Vehicle Kilometres Travelled
0.6,0.7,1.0,18832.442631379745,71185.50000000004,15.79618183409859,7506.297954255817,78.71352562906016,1.460284303374618,0.8434193471781285,537114.2254630186