Capacity Factor A,Capacity Factor F,FFTT Factor,TSTT,Total Demand,Average Time (min),Average Distance (m),Congestion(%),Weighted Link Congestion,Weighted VC Ratio,Vehicle Kilometres Travelled
0.6,0.7,1.0,31040.046525064376,83185.49999999959,22.278161440399717,7915.4218104544825,176.18067267209884,1.8376347709734229,1.0034514164376576,670986.7001881587