Capacity Factor A,Capacity Factor F,FFTT Factor,TSTT,Total Demand,Average Time (min),Average Distance (m),Congestion(%),Weighted Link Congestion,Weighted VC Ratio,Vehicle Kilometres Travelled
0.6,0.7,1.0,5678.501151023162,36185.499999999985,9.372906780354922,6870.9098222946495,14.254542858964193,1.067129848927709,0.406550075997637,250896.4812464601