Capacity Factor A,Capacity Factor F,FFTT Factor,TSTT,Total Demand,Average Time (min),Average Distance (m),Congestion(%),Weighted Link Congestion,Weighted VC Ratio,Vehicle Kilometres Travelled
0.6,0.7,1.0,67142.97411093167,92185.4999999997,43.48541079521203,8261.417075833044,590.7895873577739,3.018152095280923,1.205722256884523,750809.7071874334