Capacity Factor A,Capacity Factor F,FFTT Factor,TSTT,Total Demand,Average Time (min),Average Distance (m),Congestion(%),Weighted Link Congestion,Weighted VC Ratio,Vehicle Kilometres Travelled
0.6,0.7,1.0,166606.45514355443,469800.000000002,21.174610473834605,7758.055884723152,215.96922679615778,2.169573589693358,1.1426104483531503,3677861.7694466272