Capacity Factor A,Capacity Factor F,FFTT Factor,TSTT,Total Demand,Average Time (min),Average Distance (m),Congestion(%),Weighted Link Congestion,Weighted VC Ratio,Vehicle Kilometres Travelled
0.6,0.7,1.0,8887.12015648913,49185.499999999956,10.790671766382236,7045.421390972054,27.745790831261587,1.1462455246901877,0.5580344808293395,349175.9661297142