Capacity Factor A,Capacity Factor F,FFTT Factor,TSTT,Total Demand,Average Time (min),Average Distance (m),Congestion(%),Weighted Link Congestion,Weighted VC Ratio,Vehicle Kilometres Travelled
0.6,0.7,1.0,17730.28862477008,67185.5000000001,15.75856423753637,7569.437030600425,93.2024924525545,1.4233869464225772,0.785003471036418,507321.65966338426