Capacity Factor A,Capacity Factor F,FFTT Factor,TSTT,Total Demand,Average Time (min),Average Distance (m),Congestion(%),Weighted Link Congestion,Weighted VC Ratio,Vehicle Kilometres Travelled
0.6,0.7,1.0,139687.5476455643,482300.0000000007,17.291477544129314,10974.763219555345,74.19962008123038,1.4402043747455189,0.8598494748336433,5317415.380694057