Capacity Factor A,Capacity Factor F,FFTT Factor,TSTT,Total Demand,Average Time (min),Average Distance (m),Congestion(%),Weighted Link Congestion,Weighted VC Ratio,Vehicle Kilometres Travelled
0.6,0.7,1.0,7652.207122464422,44185.49999999998,10.341358205576064,7095.683988495248,25.810705139592184,1.1138775653183364,0.4957906003948867,313055.57720067527