Capacity Factor A,Capacity Factor F,FFTT Factor,TSTT,Total Demand,Average Time (min),Average Distance (m),Congestion(%),Weighted Link Congestion,Weighted VC Ratio,Vehicle Kilometres Travelled
0.6,0.7,1.0,37780.10523014716,178409.99999999857,12.64266239254803,8043.5220073669325,58.07198072522941,1.3771838962913836,0.8845886144223781,1441319.0516083553