Capacity Factor A,Capacity Factor F,FFTT Factor,TSTT,Total Demand,Average Time (min),Average Distance (m),Congestion(%),Weighted Link Congestion,Weighted VC Ratio,Vehicle Kilometres Travelled
0.6,0.7,1.0,37819.845003089555,77185.50000000001,29.253128747774554,8162.749169501909,327.7009667529228,2.1123786815269203,1.0041247058289533,638561.06041358