Capacity Factor A,Capacity Factor F,FFTT Factor,TSTT,Total Demand,Average Time (min),Average Distance (m),Congestion(%),Weighted Link Congestion,Weighted VC Ratio,Vehicle Kilometres Travelled
0.6,0.7,1.0,6936.528851301452,41185.50000000006,10.056247803316367,7067.150887710934,22.157628542374972,1.0976140474204974,0.4687649495472013,291056.5183625657