Capacity Factor A,Capacity Factor F,FFTT Factor,TSTT,Total Demand,Average Time (min),Average Distance (m),Congestion(%),Weighted Link Congestion,Weighted VC Ratio,Vehicle Kilometres Travelled
0.6,0.7,1.0,367876.81292892416,730414.0000000022,30.072758114700385,8499.88599553635,282.3090876540195,2.5125651170106913,1.297373035911684,6226592.6419897685