Capacity Factor A,Capacity Factor F,FFTT Factor,TSTT,Total Demand,Average Time (min),Average Distance (m),Congestion(%),Weighted Link Congestion,Weighted VC Ratio,Vehicle Kilometres Travelled
0.6,0.7,1.0,450085.0002676446,579973.9999999998,46.334222601065186,6899.81506306118,620.8993893877407,4.61117542642242,1.7356817402148212,4031568.0191083993