Capacity Factor A,Capacity Factor F,FFTT Factor,TSTT,Total Demand,Average Time (min),Average Distance (m),Congestion(%),Weighted Link Congestion,Weighted VC Ratio,Vehicle Kilometres Travelled
0.6,0.7,1.0,71449.51274648737,387104.0000000022,11.022912887695334,8112.431945473019,41.0957141262017,1.1690896263335921,0.6437378667729039,3154366.752458896