Capacity Factor A,Capacity Factor F,FFTT Factor,TSTT,Total Demand,Average Time (min),Average Distance (m),Congestion(%),Weighted Link Congestion,Weighted VC Ratio,Vehicle Kilometres Travelled
0.6,0.7,1.0,13349.004166749219,61185.50000000003,13.02531104954456,7256.197630346379,49.97714625004104,1.2813992265339975,0.7051242444242164,445532.51154061686