Capacity Factor A,Capacity Factor F,FFTT Factor,TSTT,Total Demand,Average Time (min),Average Distance (m),Congestion(%),Weighted Link Congestion,Weighted VC Ratio,Vehicle Kilometres Travelled
0.6,0.7,1.0,115970.72420081873,481030.00000000314,14.398522394957903,10919.42861586501,70.35323056120495,1.332952210896395,0.6584351174562929,5268005.982228251