Capacity Factor A,Capacity Factor F,FFTT Factor,TSTT,Total Demand,Average Time (min),Average Distance (m),Congestion(%),Weighted Link Congestion,Weighted VC Ratio,Vehicle Kilometres Travelled
0.6,0.7,1.0,33106.12907663157,88185.50000000006,22.41382111200926,8008.8256671154295,146.80238359419695,1.9172687012806544,1.0780952209344914,707669.8321633505