Capacity Factor A,Capacity Factor F,FFTT Factor,TSTT,Total Demand,Average Time (min),Average Distance (m),Congestion(%),Weighted Link Congestion,Weighted VC Ratio,Vehicle Kilometres Travelled
0.6,0.7,1.0,22437.01695126386,77185.50000000001,17.355361281559794,7531.484310573474,120.58103435290306,1.5854516920563306,0.8974035868744636,581571.0053245254