Capacity Factor A,Capacity Factor F,FFTT Factor,TSTT,Total Demand,Average Time (min),Average Distance (m),Congestion(%),Weighted Link Congestion,Weighted VC Ratio,Vehicle Kilometres Travelled
0.6,0.7,1.0,81271.62956745223,96185.4999999998,50.447392083100816,8246.837686928004,702.9288617147804,3.417754376920773,1.272911272748167,804203.026732013