Capacity Factor A,Capacity Factor F,FFTT Factor,TSTT,Total Demand,Average Time (min),Average Distance (m),Congestion(%),Weighted Link Congestion,Weighted VC Ratio,Vehicle Kilometres Travelled
0.6,0.7,1.0,23479.270132791768,76185.49999999993,18.400705735105145,7587.9941415363155,108.42836060113159,1.614608287295999,0.9181490262961501,588947.6023241975