Capacity Factor A,Capacity Factor F,FFTT Factor,TSTT,Total Demand,Average Time (min),Average Distance (m),Congestion(%),Weighted Link Congestion,Weighted VC Ratio,Vehicle Kilometres Travelled
0.6,0.7,1.0,8249.94535926392,47185.49999999997,10.443047229500143,6966.556905803311,27.34263491975859,1.1351022970412685,0.5299350304106946,331987.0395099391