Capacity Factor A,Capacity Factor F,FFTT Factor,TSTT,Total Demand,Average Time (min),Average Distance (m),Congestion(%),Weighted Link Congestion,Weighted VC Ratio,Vehicle Kilometres Travelled
0.6,0.7,1.0,5653.2027569625,36185.499999999985,9.333812945620938,6831.1274429695395,15.889840630424512,1.0711311281443552,0.4067134887473267,248878.37721624604