Capacity Factor A,Capacity Factor F,FFTT Factor,TSTT,Total Demand,Average Time (min),Average Distance (m),Congestion(%),Weighted Link Congestion,Weighted VC Ratio,Vehicle Kilometres Travelled
0.6,0.7,1.0,233989.7173492597,516000.0000000011,27.07547782115163,7794.658047120084,302.67180162995845,2.684055034272223,1.270926763183932,4067759.922608169