Capacity Factor A,Capacity Factor F,FFTT Factor,TSTT,Total Demand,Average Time (min),Average Distance (m),Congestion(%),Weighted Link Congestion,Weighted VC Ratio,Vehicle Kilometres Travelled
0.6,0.7,1.0,30882.983904875015,87185.50000000006,21.1528514893628,7511.419249603749,170.55986824239042,1.862090056064951,1.025745346415882,662267.220558541