Capacity Factor A,Capacity Factor F,FFTT Factor,TSTT,Total Demand,Average Time (min),Average Distance (m),Congestion(%),Weighted Link Congestion,Weighted VC Ratio,Vehicle Kilometres Travelled
0.6,0.7,1.0,12419.667551382832,60185.49999999984,12.320628812952382,7013.492344666462,54.378621335190005,1.257870270858162,0.673688947156523,429321.58393391303