Capacity Factor A,Capacity Factor F,FFTT Factor,TSTT,Total Demand,Average Time (min),Average Distance (m),Congestion(%),Weighted Link Congestion,Weighted VC Ratio,Vehicle Kilometres Travelled
0.6,0.7,1.0,630645.576639538,763200.000000002,49.33335815288856,11262.285126764331,383.7270817124232,3.4190973339436628,1.4154896844644136,8664220.582867324