Capacity Factor A,Capacity Factor F,FFTT Factor,TSTT,Total Demand,Average Time (min),Average Distance (m),Congestion(%),Weighted Link Congestion,Weighted VC Ratio,Vehicle Kilometres Travelled
0.6,0.7,1.0,17864.315058197135,60185.49999999984,17.723408582653224,7535.409906126419,141.57732909857498,1.4618221280774275,0.7496605953959827,466390.28998897393