Capacity Factor A,Capacity Factor F,FFTT Factor,TSTT,Total Demand,Average Time (min),Average Distance (m),Congestion(%),Weighted Link Congestion,Weighted VC Ratio,Vehicle Kilometres Travelled
0.6,0.7,1.0,41198.7199500905,91185.49999999988,26.977646253663377,7998.043329580069,234.40197698957755,2.1487790347123292,1.1214480164133558,749327.314269003