Capacity Factor A,Capacity Factor F,FFTT Factor,TSTT,Total Demand,Average Time (min),Average Distance (m),Congestion(%),Weighted Link Congestion,Weighted VC Ratio,Vehicle Kilometres Travelled
0.6,0.7,1.0,294832.656215873,686720.0000000045,25.63637782676524,8401.609727269122,226.15978488464629,2.193177449980374,1.2127501112137957,5829410.697748995