Capacity Factor A,Capacity Factor F,FFTT Factor,TSTT,Total Demand,Average Time (min),Average Distance (m),Congestion(%),Weighted Link Congestion,Weighted VC Ratio,Vehicle Kilometres Travelled
0.6,0.7,1.0,16503.316178452227,65185.49999999989,15.115128630856821,7345.675114397026,85.03654881555973,1.384024673622601,0.7577786578413959,489177.8293371132