Capacity Factor A,Capacity Factor F,FFTT Factor,TSTT,Total Demand,Average Time (min),Average Distance (m),Congestion(%),Weighted Link Congestion,Weighted VC Ratio,Vehicle Kilometres Travelled
0.6,0.7,1.0,48226.03454599657,84185.49999999994,34.20433157634467,8103.285718381967,428.4469022066152,2.458092636731613,1.090960474219122,684724.2136785082