Capacity Factor A,Capacity Factor F,FFTT Factor,TSTT,Total Demand,Average Time (min),Average Distance (m),Congestion(%),Weighted Link Congestion,Weighted VC Ratio,Vehicle Kilometres Travelled
0.6,0.7,1.0,247318.5554096868,561412.0000000002,26.300451078115323,9107.79208728069,189.30135589629162,2.26829162261544,1.169249447468708,5116395.770425575