Capacity Factor A,Capacity Factor F,FFTT Factor,TSTT,Total Demand,Average Time (min),Average Distance (m),Congestion(%),Weighted Link Congestion,Weighted VC Ratio,Vehicle Kilometres Travelled
0.6,0.7,1.0,6539.783380827349,40185.50000000004,9.721874077335526,6954.665428397586,17.37743568124408,1.0851347618538418,0.4542282296466151,280633.0453134468