Capacity Factor A,Capacity Factor F,FFTT Factor,TSTT,Total Demand,Average Time (min),Average Distance (m),Congestion(%),Weighted Link Congestion,Weighted VC Ratio,Vehicle Kilometres Travelled
0.6,0.7,1.0,6128.555968298405,38185.50000000005,9.585836301936935,6914.772304359899,15.981764184917392,1.0776473938807245,0.43342730454486106,266153.09119131643