Capacity Factor A,Capacity Factor F,FFTT Factor,TSTT,Total Demand,Average Time (min),Average Distance (m),Congestion(%),Weighted Link Congestion,Weighted VC Ratio,Vehicle Kilometres Travelled
0.6,0.7,1.0,96416.06574154423,248095.99999999872,23.20733364544871,14009.888858275312,102.28674945540051,1.514997552004163,0.8411721542057409,3493043.4436500752