Capacity Factor A,Capacity Factor F,FFTT Factor,TSTT,Total Demand,Average Time (min),Average Distance (m),Congestion(%),Weighted Link Congestion,Weighted VC Ratio,Vehicle Kilometres Travelled
0.6,0.7,1.0,24865.915607666386,77185.50000000001,19.23807476342903,7715.122946904391,137.4229061127314,1.642982228348087,0.9130313763436833,604576.774790638