Capacity Factor A,Capacity Factor F,FFTT Factor,TSTT,Total Demand,Average Time (min),Average Distance (m),Congestion(%),Weighted Link Congestion,Weighted VC Ratio,Vehicle Kilometres Travelled
0.6,0.7,1.0,478368.51769979316,588202.000000002,48.5635388763051,6906.19880933281,655.7416282075054,4.820889395625216,1.7625302203157718,4092336.6489400426