Capacity Factor A,Capacity Factor F,FFTT Factor,TSTT,Total Demand,Average Time (min),Average Distance (m),Congestion(%),Weighted Link Congestion,Weighted VC Ratio,Vehicle Kilometres Travelled
0.6,0.7,1.0,28719.875051300078,87185.50000000006,19.66886682353303,7680.528073535309,120.2902081467796,1.7908416537442655,1.0364956687864606,670724.9154431111