Capacity Factor A,Capacity Factor F,FFTT Factor,TSTT,Total Demand,Average Time (min),Average Distance (m),Congestion(%),Weighted Link Congestion,Weighted VC Ratio,Vehicle Kilometres Travelled
0.6,0.7,1.0,48239.80190895564,182096.00000000128,15.816837896254679,13897.061978031543,36.194003828386535,1.1709975447525007,0.5893504061045541,2529735.0216542305