Capacity Factor A,Capacity Factor F,FFTT Factor,TSTT,Total Demand,Average Time (min),Average Distance (m),Congestion(%),Weighted Link Congestion,Weighted VC Ratio,Vehicle Kilometres Travelled
0.6,0.7,1.0,39020.74945564629,246739.99999999985,9.443523249607365,6496.947614568575,44.69410283542621,1.194615814707461,0.6788306230808417,1607044.8799306655