Capacity Factor A,Capacity Factor F,FFTT Factor,TSTT,Total Demand,Average Time (min),Average Distance (m),Congestion(%),Weighted Link Congestion,Weighted VC Ratio,Vehicle Kilometres Travelled
0.6,0.7,1.0,46776.54854789443,94185.49999999974,29.656800600864212,8143.702224891397,266.2484211739355,2.3233870659768523,1.1707746738793032,782147.5423916103