Capacity Factor A,Capacity Factor F,FFTT Factor,TSTT,Total Demand,Average Time (min),Average Distance (m),Congestion(%),Weighted Link Congestion,Weighted VC Ratio,Vehicle Kilometres Travelled
0.6,0.7,1.0,17247.809482973753,61185.50000000003,16.832947562299914,7591.708630566163,137.72669081651142,1.448064538311617,0.7412094001131353,460904.3099926703