Capacity Factor A,Capacity Factor F,FFTT Factor,TSTT,Total Demand,Average Time (min),Average Distance (m),Congestion(%),Weighted Link Congestion,Weighted VC Ratio,Vehicle Kilometres Travelled
0.6,0.7,1.0,10019.446650560883,53185.499999999985,11.25057007709271,7074.190299186012,39.07311785735912,1.1839727750597795,0.5963939581677132,378475.6626005765