Capacity Factor A,Capacity Factor F,FFTT Factor,TSTT,Total Demand,Average Time (min),Average Distance (m),Congestion(%),Weighted Link Congestion,Weighted VC Ratio,Vehicle Kilometres Travelled
0.6,0.7,1.0,10323.207784048584,54185.50000000011,11.377255549189838,7145.805699618897,41.16678876334801,1.1931618533788333,0.6033570863575448,385971.5396110466