Capacity Factor A,Capacity Factor F,FFTT Factor,TSTT,Total Demand,Average Time (min),Average Distance (m),Congestion(%),Weighted Link Congestion,Weighted VC Ratio,Vehicle Kilometres Travelled
0.6,0.7,1.0,25256.011435301578,83185.49999999959,18.12709173585512,7612.761319445736,104.597064742173,1.6768466755576419,0.9824821548207382,631898.8644769446