Capacity Factor A,Capacity Factor F,FFTT Factor,TSTT,Total Demand,Average Time (min),Average Distance (m),Congestion(%),Weighted Link Congestion,Weighted VC Ratio,Vehicle Kilometres Travelled
0.6,0.7,1.0,4816.0597929432,32185.499999999938,8.936615130465873,6836.684943180895,12.0955146753015,1.051686639918893,0.357024123648146,219784.35674858757