Capacity Factor A,Capacity Factor F,FFTT Factor,TSTT,Total Demand,Average Time (min),Average Distance (m),Congestion(%),Weighted Link Congestion,Weighted VC Ratio,Vehicle Kilometres Travelled
0.6,0.7,1.0,190905.84084333153,308096.00000000285,37.004345353047405,14145.824754024154,225.61017021276894,2.179576367066355,1.0794339210400568,4393632.073772715