Capacity Factor A,Capacity Factor F,FFTT Factor,TSTT,Total Demand,Average Time (min),Average Distance (m),Congestion(%),Weighted Link Congestion,Weighted VC Ratio,Vehicle Kilometres Travelled
0.6,0.7,1.0,14955.219735557506,65185.49999999989,13.699430377378729,7207.3065581995625,72.55346417358224,1.3405985225052022,0.7389248191606709,476377.3183931344