Capacity Factor A,Capacity Factor F,FFTT Factor,TSTT,Total Demand,Average Time (min),Average Distance (m),Congestion(%),Weighted Link Congestion,Weighted VC Ratio,Vehicle Kilometres Travelled
0.6,0.7,1.0,36366.59539428954,91185.49999999988,23.81453808076256,7746.578205415439,205.51564353562992,2.0323892454053505,1.0865121193772524,714836.6763342522