Capacity Factor A,Capacity Factor F,FFTT Factor,TSTT,Total Demand,Average Time (min),Average Distance (m),Congestion(%),Weighted Link Congestion,Weighted VC Ratio,Vehicle Kilometres Travelled
0.6,0.7,1.0,79198.0762825334,230096.00000000084,20.549048379016895,13965.174442679947,78.45438031309675,1.3894238164422714,0.7714331902875703,3227519.283316264