Capacity Factor A,Capacity Factor F,FFTT Factor,TSTT,Total Demand,Average Time (min),Average Distance (m),Congestion(%),Weighted Link Congestion,Weighted VC Ratio,Vehicle Kilometres Travelled
0.6,0.7,1.0,7354.059948928125,44185.49999999998,9.938328770644553,7043.343073132618,22.857382275091798,1.1064954470110422,0.49220436629778835,310330.97915575263