Capacity Factor A,Capacity Factor F,FFTT Factor,TSTT,Total Demand,Average Time (min),Average Distance (m),Congestion(%),Weighted Link Congestion,Weighted VC Ratio,Vehicle Kilometres Travelled
0.6,0.7,1.0,20940.725317443972,76185.49999999993,16.41473251661642,7448.405166589832,90.4486748822487,1.5366008252053396,0.89440799192068,564384.0018897266