Capacity Factor A,Capacity Factor F,FFTT Factor,TSTT,Total Demand,Average Time (min),Average Distance (m),Congestion(%),Weighted Link Congestion,Weighted VC Ratio,Vehicle Kilometres Travelled
0.6,0.7,1.0,881008.1213828274,842997.9999999969,62.40001289315647,17959.086834434984,287.8781596055488,2.4694399611569025,1.3540750821715433,1.5224135762788758E7