Capacity Factor A,Capacity Factor F,FFTT Factor,TSTT,Total Demand,Average Time (min),Average Distance (m),Congestion(%),Weighted Link Congestion,Weighted VC Ratio,Vehicle Kilometres Travelled
0.6,0.7,1.0,27930.142689257125,83185.49999999959,20.046851632932714,7897.102383549487,122.61591735412054,1.7526380751829973,1.0075868720043781,657955.4953849864