Capacity Factor A,Capacity Factor F,FFTT Factor,TSTT,Total Demand,Average Time (min),Average Distance (m),Congestion(%),Weighted Link Congestion,Weighted VC Ratio,Vehicle Kilometres Travelled
0.6,0.7,1.0,555775.6592182827,608772.0000000003,54.506506028845294,6924.118982071515,748.2723465902158,5.377976527107343,1.8279945500513342,4242603.443633035