Capacity Factor A,Capacity Factor F,FFTT Factor,TSTT,Total Demand,Average Time (min),Average Distance (m),Congestion(%),Weighted Link Congestion,Weighted VC Ratio,Vehicle Kilometres Travelled
0.6,0.7,1.0,14219.416539645114,65185.49999999989,13.024432098618686,7208.9276625322955,51.97578547262418,1.3127432173133173,0.7441118931873915,473050.24500145373