Capacity Factor A,Capacity Factor F,FFTT Factor,TSTT,Total Demand,Average Time (min),Average Distance (m),Congestion(%),Weighted Link Congestion,Weighted VC Ratio,Vehicle Kilometres Travelled
0.6,0.7,1.0,149517.44778025383,435983.9999999992,20.47686223597636,6800.52173856995,216.7127203780233,2.1928404843588627,1.2737187202108424,2976782.1535334527