Capacity Factor A,Capacity Factor F,FFTT Factor,TSTT,Total Demand,Average Time (min),Average Distance (m),Congestion(%),Weighted Link Congestion,Weighted VC Ratio,Vehicle Kilometres Travelled
0.6,0.7,1.0,45674.38534537993,94185.49999999974,28.95572753907952,8102.982658195099,259.8112098356673,2.2754579274183553,1.1552469494109745,778376.1320351005