Capacity Factor A,Capacity Factor F,FFTT Factor,TSTT,Total Demand,Average Time (min),Average Distance (m),Congestion(%),Weighted Link Congestion,Weighted VC Ratio,Vehicle Kilometres Travelled
0.6,0.7,1.0,14172.041069107578,61185.50000000003,13.829632118481511,7321.49534741156,68.78810142076408,1.308059145092787,0.7009128809323912,450280.8377688552