Capacity Factor A,Capacity Factor F,FFTT Factor,TSTT,Total Demand,Average Time (min),Average Distance (m),Congestion(%),Weighted Link Congestion,Weighted VC Ratio,Vehicle Kilometres Travelled
0.6,0.7,1.0,50181.02631636245,186096.00000000116,16.099525490399696,13873.991664124824,38.707740260537314,1.1836158895017959,0.604061236087533,2587332.6921261665