Capacity Factor A,Capacity Factor F,FFTT Factor,TSTT,Total Demand,Average Time (min),Average Distance (m),Congestion(%),Weighted Link Congestion,Weighted VC Ratio,Vehicle Kilometres Travelled
0.6,0.7,1.0,8409.11879926436,46185.50000000006,10.870224941222546,7062.727200912461,30.247202662108606,1.142393650838581,0.5294717641239749,328219.6189367663