Capacity Factor A,Capacity Factor F,FFTT Factor,TSTT,Total Demand,Average Time (min),Average Distance (m),Congestion(%),Weighted Link Congestion,Weighted VC Ratio,Vehicle Kilometres Travelled
0.6,0.7,1.0,14951.674683576392,65185.49999999989,13.697324226703742,7288.684379216904,61.74103591115856,1.3423284643610502,0.7522915209671398,475708.84864036663