Capacity Factor A,Capacity Factor F,FFTT Factor,TSTT,Total Demand,Average Time (min),Average Distance (m),Congestion(%),Weighted Link Congestion,Weighted VC Ratio,Vehicle Kilometres Travelled
0.6,0.7,1.0,159619.91776370906,539680.0000000038,17.665747985020584,11056.475058595068,104.71116863917493,1.503795365514404,0.7499421658496448,5955103.608570625