Capacity Factor A,Capacity Factor F,FFTT Factor,TSTT,Total Demand,Average Time (min),Average Distance (m),Congestion(%),Weighted Link Congestion,Weighted VC Ratio,Vehicle Kilometres Travelled
0.6,0.7,1.0,94446.52925954737,405858.0000000002,13.896353636505225,8696.815304667956,60.50617990945146,1.3919237865694603,0.8114554191281589,3561729.009993224