Capacity Factor A,Capacity Factor F,FFTT Factor,TSTT,Total Demand,Average Time (min),Average Distance (m),Congestion(%),Weighted Link Congestion,Weighted VC Ratio,Vehicle Kilometres Travelled
0.6,0.7,1.0,5472.369425516653,35185.500000000065,9.288970008302499,6880.2034078605775,13.419040206511124,1.062930496573064,0.39479174220622504,243260.90290093064