Capacity Factor A,Capacity Factor F,FFTT Factor,TSTT,Total Demand,Average Time (min),Average Distance (m),Congestion(%),Weighted Link Congestion,Weighted VC Ratio,Vehicle Kilometres Travelled
0.6,0.7,1.0,61048.0461536335,355910.0000000017,10.24274666042659,10807.386682835555,26.86787589200563,1.1193929859956582,0.47185403608624404,3845181.481643207