Capacity Factor A,Capacity Factor F,FFTT Factor,TSTT,Total Demand,Average Time (min),Average Distance (m),Congestion(%),Weighted Link Congestion,Weighted VC Ratio,Vehicle Kilometres Travelled
0.6,0.7,1.0,6697.641960623387,41185.50000000006,9.708837004928156,6931.274869391706,19.656567305628016,1.0938684817550128,0.4574697804152062,283433.0181031179