Capacity Factor A,Capacity Factor F,FFTT Factor,TSTT,Total Demand,Average Time (min),Average Distance (m),Congestion(%),Weighted Link Congestion,Weighted VC Ratio,Vehicle Kilometres Travelled
0.6,0.7,1.0,4716.541594572197,32185.499999999938,8.752485586837718,6801.8640843278445,8.932806093080181,1.0448719571778968,0.35532124084979044,219955.23467180255