Capacity Factor A,Capacity Factor F,FFTT Factor,TSTT,Total Demand,Average Time (min),Average Distance (m),Congestion(%),Weighted Link Congestion,Weighted VC Ratio,Vehicle Kilometres Travelled
0.6,0.7,1.0,14573.704445925227,64185.49999999995,13.557332008069697,7184.574952700095,59.81937656760729,1.3312411513856517,0.74521947607447,467116.2489456878