Capacity Factor A,Capacity Factor F,FFTT Factor,TSTT,Total Demand,Average Time (min),Average Distance (m),Congestion(%),Weighted Link Congestion,Weighted VC Ratio,Vehicle Kilometres Travelled
0.6,0.7,1.0,25312.55008666043,81185.49999999965,18.616483364642285,7630.29200188984,113.20253261728767,1.685758870190682,0.9716401072149048,619683.7852343365