Capacity Factor A,Capacity Factor F,FFTT Factor,TSTT,Total Demand,Average Time (min),Average Distance (m),Congestion(%),Weighted Link Congestion,Weighted VC Ratio,Vehicle Kilometres Travelled
0.6,0.7,1.0,64208.362522887815,89185.5000000003,42.9924581367179,8456.485082363013,552.5015418257512,2.9010742751221628,1.189009815353954,765493.8506224754