Capacity Factor A,Capacity Factor F,FFTT Factor,TSTT,Total Demand,Average Time (min),Average Distance (m),Congestion(%),Weighted Link Congestion,Weighted VC Ratio,Vehicle Kilometres Travelled
0.6,0.7,1.0,31826.782165483914,85185.49999999996,22.305533504427164,7816.584967117533,149.19066697483,1.8812535092431353,1.048749496975499,683900.4549348612