Capacity Factor A,Capacity Factor F,FFTT Factor,TSTT,Total Demand,Average Time (min),Average Distance (m),Congestion(%),Weighted Link Congestion,Weighted VC Ratio,Vehicle Kilometres Travelled
0.6,0.7,1.0,12463.413784297409,57185.500000000015,13.011788040690607,7416.399610849331,57.34194449055592,1.2608090709902382,0.6603274462056276,418038.12771073746