Capacity Factor A,Capacity Factor F,FFTT Factor,TSTT,Total Demand,Average Time (min),Average Distance (m),Congestion(%),Weighted Link Congestion,Weighted VC Ratio,Vehicle Kilometres Travelled
0.6,0.7,1.0,6115.267720210511,39185.50000000003,9.320072984258424,6881.0164761358765,15.814491018744214,1.0740712128464271,0.4320544556648901,270284.5058949571