Capacity Factor A,Capacity Factor F,FFTT Factor,TSTT,Total Demand,Average Time (min),Average Distance (m),Congestion(%),Weighted Link Congestion,Weighted VC Ratio,Vehicle Kilometres Travelled
0.6,0.7,1.0,13879.381843277599,60185.49999999984,13.771611582121224,7343.496887175657,67.03675663547803,1.3037844008660937,0.6988016721009699,444012.8867873134