Capacity Factor A,Capacity Factor F,FFTT Factor,TSTT,Total Demand,Average Time (min),Average Distance (m),Congestion(%),Weighted Link Congestion,Weighted VC Ratio,Vehicle Kilometres Travelled
0.6,0.7,1.0,19517.40807843209,76185.49999999993,15.295172035198599,7232.1597630295855,75.60964967092248,1.4835501893399605,0.8750060566001024,558754.9433978508