Capacity Factor A,Capacity Factor F,FFTT Factor,TSTT,Total Demand,Average Time (min),Average Distance (m),Congestion(%),Weighted Link Congestion,Weighted VC Ratio,Vehicle Kilometres Travelled
0.6,0.7,1.0,19265.009604000898,122410.00000000122,9.401859355695258,7827.136391029258,20.03575852043571,1.1185017979121599,0.6010385749169741,957418.5293745749