Capacity Factor A,Capacity Factor F,FFTT Factor,TSTT,Total Demand,Average Time (min),Average Distance (m),Congestion(%),Weighted Link Congestion,Weighted VC Ratio,Vehicle Kilometres Travelled
0.6,0.7,1.0,42726.65553406812,92185.4999999997,27.67225033695602,8277.36629577953,242.85209541703355,2.1941719092545653,1.135804511412357,759253.5355403987