Capacity Factor A,Capacity Factor F,FFTT Factor,TSTT,Total Demand,Average Time (min),Average Distance (m),Congestion(%),Weighted Link Congestion,Weighted VC Ratio,Vehicle Kilometres Travelled
0.6,0.7,1.0,28766.1000194185,130096.00000000067,13.202240872239232,13759.443939702498,13.269642375637858,1.0593644327531748,0.4094444422349949,1793837.2459627038