Capacity Factor A,Capacity Factor F,FFTT Factor,TSTT,Total Demand,Average Time (min),Average Distance (m),Congestion(%),Weighted Link Congestion,Weighted VC Ratio,Vehicle Kilometres Travelled
0.6,0.7,1.0,20631.58189238191,63185.499999999854,19.4941690955971,7760.61574806814,167.3480114203056,1.5609018476252825,0.8070943953119621,497581.25557508867