Capacity Factor A,Capacity Factor F,FFTT Factor,TSTT,Total Demand,Average Time (min),Average Distance (m),Congestion(%),Weighted Link Congestion,Weighted VC Ratio,Vehicle Kilometres Travelled
0.6,0.7,1.0,23111.619694965542,78185.49999999978,17.649306768462488,7511.307663322085,102.88614318776568,1.6146271058840622,0.9371082257411535,591553.560756192