Capacity Factor A,Capacity Factor F,FFTT Factor,TSTT,Total Demand,Average Time (min),Average Distance (m),Congestion(%),Weighted Link Congestion,Weighted VC Ratio,Vehicle Kilometres Travelled
0.6,0.7,1.0,41500.37952404729,81185.49999999965,30.522715101959047,7692.694161714906,369.61031440641887,2.2491041771962035,1.042279702487621,643335.9748440312