Capacity Factor A,Capacity Factor F,FFTT Factor,TSTT,Total Demand,Average Time (min),Average Distance (m),Congestion(%),Weighted Link Congestion,Weighted VC Ratio,Vehicle Kilometres Travelled
0.6,0.7,1.0,7080.007458715182,39185.50000000003,10.792578958604834,7004.868596923285,43.59721121285762,1.1156304800595107,0.4480803337175484,276029.69504664437