Capacity Factor A,Capacity Factor F,FFTT Factor,TSTT,Total Demand,Average Time (min),Average Distance (m),Congestion(%),Weighted Link Congestion,Weighted VC Ratio,Vehicle Kilometres Travelled
0.6,0.7,1.0,6414.495293663654,40185.50000000004,9.530724932873744,6947.930000251747,18.024761724371796,1.083234640279196,0.44702262849395474,279761.89964423474