Capacity Factor A,Capacity Factor F,FFTT Factor,TSTT,Total Demand,Average Time (min),Average Distance (m),Congestion(%),Weighted Link Congestion,Weighted VC Ratio,Vehicle Kilometres Travelled
0.6,0.7,1.0,58788.618148109796,343410.00000000204,10.225871082687277,8105.582670389358,30.897627840216146,1.118808778176455,0.5645218281986204,2783692.370982582