Capacity Factor A,Capacity Factor F,FFTT Factor,TSTT,Total Demand,Average Time (min),Average Distance (m),Congestion(%),Weighted Link Congestion,Weighted VC Ratio,Vehicle Kilometres Travelled
0.6,0.7,1.0,37103.803977648175,92185.4999999997,24.029987238483628,7803.762702238286,163.7431441764652,2.034441250753998,1.1204549536866881,742803.389043761