Capacity Factor A,Capacity Factor F,FFTT Factor,TSTT,Total Demand,Average Time (min),Average Distance (m),Congestion(%),Weighted Link Congestion,Weighted VC Ratio,Vehicle Kilometres Travelled
0.6,0.7,1.0,43161.48204922005,82185.49999999948,31.355359583239665,7875.818604550434,385.89718451913325,2.2947830012853454,1.0481216261694601,652071.5216201317