Capacity Factor A,Capacity Factor F,FFTT Factor,TSTT,Total Demand,Average Time (min),Average Distance (m),Congestion(%),Weighted Link Congestion,Weighted VC Ratio,Vehicle Kilometres Travelled
0.6,0.7,1.0,16616.68399593387,60185.49999999984,16.483106654912895,7445.788525005004,131.03097276681103,1.4281954797976775,0.7339921491738814,451886.3641274215