Capacity Factor A,Capacity Factor F,FFTT Factor,TSTT,Total Demand,Average Time (min),Average Distance (m),Congestion(%),Weighted Link Congestion,Weighted VC Ratio,Vehicle Kilometres Travelled
0.6,0.7,1.0,28383.655093784448,72185.49999999994,23.47884213665481,7629.335111400821,246.76205065828154,1.8297189415607729,0.9136608958901359,568073.7902038511