Capacity Factor A,Capacity Factor F,FFTT Factor,TSTT,Total Demand,Average Time (min),Average Distance (m),Congestion(%),Weighted Link Congestion,Weighted VC Ratio,Vehicle Kilometres Travelled
0.6,0.7,1.0,129163.98748380957,518186.00000000274,14.88145959470296,8268.044421531255,90.08536042570137,1.4291774577071379,0.8872696460134075,4303762.995103092