Capacity Factor A,Capacity Factor F,FFTT Factor,TSTT,Total Demand,Average Time (min),Average Distance (m),Congestion(%),Weighted Link Congestion,Weighted VC Ratio,Vehicle Kilometres Travelled
0.6,0.7,1.0,142531.53261106487,362599.9999999996,23.470838365089865,6421.735070726079,281.62030614927914,2.5137776326264656,1.1677187992364022,2346014.5766652105