Capacity Factor A,Capacity Factor F,FFTT Factor,TSTT,Total Demand,Average Time (min),Average Distance (m),Congestion(%),Weighted Link Congestion,Weighted VC Ratio,Vehicle Kilometres Travelled
0.6,0.7,1.0,223373.90045230446,516836.00000000064,25.809021375724576,17080.015744642522,60.507336588693676,1.2550833079476305,0.7599047132365786,8828104.428730235