Capacity Factor A,Capacity Factor F,FFTT Factor,TSTT,Total Demand,Average Time (min),Average Distance (m),Congestion(%),Weighted Link Congestion,Weighted VC Ratio,Vehicle Kilometres Travelled
0.6,0.7,1.0,9197.645878743113,52185.499999999774,10.526052582085567,6955.64172766371,26.612910691545345,1.1523747952026062,0.5770727331734374,366115.0987694093