Capacity Factor A,Capacity Factor F,FFTT Factor,TSTT,Total Demand,Average Time (min),Average Distance (m),Congestion(%),Weighted Link Congestion,Weighted VC Ratio,Vehicle Kilometres Travelled
0.6,0.7,1.0,19097.50647863856,157989.99999999965,7.217420617560981,5881.487025700984,21.711746532772125,1.0966340072985983,0.46428073380670304,931687.5316770771