Capacity Factor A,Capacity Factor F,FFTT Factor,TSTT,Total Demand,Average Time (min),Average Distance (m),Congestion(%),Weighted Link Congestion,Weighted VC Ratio,Vehicle Kilometres Travelled
0.6,0.7,1.0,589369.5920400539,750688.0000000041,46.875188498329884,17711.820662019105,191.62209065575246,1.9430470212595734,1.1798167599124048,1.3373563878751202E7