Capacity Factor A,Capacity Factor F,FFTT Factor,TSTT,Total Demand,Average Time (min),Average Distance (m),Congestion(%),Weighted Link Congestion,Weighted VC Ratio,Vehicle Kilometres Travelled
0.6,0.7,1.0,26411.099262259846,83185.49999999959,18.96412703989141,7387.426434464656,116.72757783627131,1.7212029914442435,0.9933740359662148,627075.5099024324