Capacity Factor A,Capacity Factor F,FFTT Factor,TSTT,Total Demand,Average Time (min),Average Distance (m),Congestion(%),Weighted Link Congestion,Weighted VC Ratio,Vehicle Kilometres Travelled
0.6,0.7,1.0,13629.153743081919,55185.49999999989,14.745932364055893,7472.310396738095,101.49399325721804,1.3261840133430303,0.6677293235331134,413129.23207170184