Capacity Factor A,Capacity Factor F,FFTT Factor,TSTT,Total Demand,Average Time (min),Average Distance (m),Congestion(%),Weighted Link Congestion,Weighted VC Ratio,Vehicle Kilometres Travelled
0.6,0.7,1.0,64897.53891192952,220410.00000000055,17.58723558639711,8177.107783200645,116.88276992813455,1.7912113726867154,1.1073345014321287,1815685.3075059322