Capacity Factor A,Capacity Factor F,FFTT Factor,TSTT,Total Demand,Average Time (min),Average Distance (m),Congestion(%),Weighted Link Congestion,Weighted VC Ratio,Vehicle Kilometres Travelled
0.6,0.7,1.0,11583.155621583855,55185.49999999989,12.532092110798544,7192.557926389166,51.38726504634601,1.2331571451612264,0.6347194816177376,401348.0972381296