Capacity Factor A,Capacity Factor F,FFTT Factor,TSTT,Total Demand,Average Time (min),Average Distance (m),Congestion(%),Weighted Link Congestion,Weighted VC Ratio,Vehicle Kilometres Travelled
0.6,0.7,1.0,5951.974109581411,38185.50000000005,9.310329862064215,6977.6193421780445,15.717328690855625,1.0717571137697899,0.4205731205884295,264723.88759336626