Capacity Factor A,Capacity Factor F,FFTT Factor,TSTT,Total Demand,Average Time (min),Average Distance (m),Congestion(%),Weighted Link Congestion,Weighted VC Ratio,Vehicle Kilometres Travelled
0.6,0.7,1.0,59383.739651162905,87185.50000000006,40.67038174538239,8531.075577262034,511.28024827572887,2.769625776324822,1.1666359347872055,749680.6862830411