Capacity Factor A,Capacity Factor F,FFTT Factor,TSTT,Total Demand,Average Time (min),Average Distance (m),Congestion(%),Weighted Link Congestion,Weighted VC Ratio,Vehicle Kilometres Travelled
0.6,0.7,1.0,115025.86227168515,341879.99999999965,20.088579314592938,6325.591225644149,226.73571461394948,2.2116212601227265,1.0921003076063338,2195312.094809