Capacity Factor A,Capacity Factor F,FFTT Factor,TSTT,Total Demand,Average Time (min),Average Distance (m),Congestion(%),Weighted Link Congestion,Weighted VC Ratio,Vehicle Kilometres Travelled
0.6,0.7,1.0,23645.052716879116,78185.49999999978,18.058524682771466,7873.77611469541,102.30212906529279,1.6152219581325933,0.9387995411637207,607208.2988020147