Capacity Factor A,Capacity Factor F,FFTT Factor,TSTT,Total Demand,Average Time (min),Average Distance (m),Congestion(%),Weighted Link Congestion,Weighted VC Ratio,Vehicle Kilometres Travelled
0.6,0.7,1.0,9204.26855478433,50185.50000000001,10.954691194086019,7015.168884980823,29.242820831744698,1.1553233106304504,0.5697247249087725,356731.6993291693