Capacity Factor A,Capacity Factor F,FFTT Factor,TSTT,Total Demand,Average Time (min),Average Distance (m),Congestion(%),Weighted Link Congestion,Weighted VC Ratio,Vehicle Kilometres Travelled
0.6,0.7,1.0,12109.028152531968,59185.50000000013,12.2170223230705,7015.313639432284,45.83950521389832,1.2483354732572944,0.6691531500163996,420511.1312953199