Capacity Factor A,Capacity Factor F,FFTT Factor,TSTT,Total Demand,Average Time (min),Average Distance (m),Congestion(%),Weighted Link Congestion,Weighted VC Ratio,Vehicle Kilometres Travelled
0.6,0.7,1.0,5281.088989369834,32185.499999999938,9.797963301450107,6887.80946140781,29.041033196441713,1.0710497402091221,0.3568570799671784,221447.7673235587