Capacity Factor A,Capacity Factor F,FFTT Factor,TSTT,Total Demand,Average Time (min),Average Distance (m),Congestion(%),Weighted Link Congestion,Weighted VC Ratio,Vehicle Kilometres Travelled
0.6,0.7,1.0,146505.60744395462,524040.0000000009,16.69219054076172,10976.443390352859,94.46494391773112,1.4528839604047523,0.7254305882086028,5771951.474189864