Capacity Factor A,Capacity Factor F,FFTT Factor,TSTT,Total Demand,Average Time (min),Average Distance (m),Congestion(%),Weighted Link Congestion,Weighted VC Ratio,Vehicle Kilometres Travelled
0.6,0.7,1.0,30596.34478305424,87185.50000000006,20.95384983578093,7585.1771956301955,169.22169704809616,1.8489073984228064,1.0172105301085985,661143.9535807519