Capacity Factor A,Capacity Factor F,FFTT Factor,TSTT,Total Demand,Average Time (min),Average Distance (m),Congestion(%),Weighted Link Congestion,Weighted VC Ratio,Vehicle Kilometres Travelled
0.6,0.7,1.0,8422.829007567214,48185.499999999876,10.437860716396248,7039.525209013388,28.94459859685654,1.13595703135515,0.5378488549159045,340463.706103899