Capacity Factor A,Capacity Factor F,FFTT Factor,TSTT,Total Demand,Average Time (min),Average Distance (m),Congestion(%),Weighted Link Congestion,Weighted VC Ratio,Vehicle Kilometres Travelled
0.6,0.7,1.0,22610.74126548448,77185.50000000001,17.490838461025874,7491.397284138149,121.45842405911873,1.5938581962140141,0.9053111905381718,582022.9737569566