Capacity Factor A,Capacity Factor F,FFTT Factor,TSTT,Total Demand,Average Time (min),Average Distance (m),Congestion(%),Weighted Link Congestion,Weighted VC Ratio,Vehicle Kilometres Travelled
0.6,0.7,1.0,66064.35141573483,324905.9999999998,12.139686871910179,6623.243093004621,86.7619814829657,1.4301011397685635,0.9160020178453071,2162268.228728684