Capacity Factor A,Capacity Factor F,FFTT Factor,TSTT,Total Demand,Average Time (min),Average Distance (m),Congestion(%),Weighted Link Congestion,Weighted VC Ratio,Vehicle Kilometres Travelled
0.6,0.7,1.0,50612.905528320305,85185.49999999996,35.472493198547085,7997.109574711881,448.0309411699148,2.53697907726121,1.1146489714262557,696319.5990423516