Capacity Factor A,Capacity Factor F,FFTT Factor,TSTT,Total Demand,Average Time (min),Average Distance (m),Congestion(%),Weighted Link Congestion,Weighted VC Ratio,Vehicle Kilometres Travelled
0.6,0.7,1.0,43676.517372053,172096.000000001,15.15547780497358,13875.376022622406,30.33682885159086,1.1418326048290885,0.553336666230211,2386511.827967694