Capacity Factor A,Capacity Factor F,FFTT Factor,TSTT,Total Demand,Average Time (min),Average Distance (m),Congestion(%),Weighted Link Congestion,Weighted VC Ratio,Vehicle Kilometres Travelled
0.6,0.7,1.0,5900.528007689444,38185.50000000005,9.22547413483862,6803.845386391974,14.760521511577029,1.0691488783048628,0.42149355542881123,263104.06551543466