Capacity Factor A,Capacity Factor F,FFTT Factor,TSTT,Total Demand,Average Time (min),Average Distance (m),Congestion(%),Weighted Link Congestion,Weighted VC Ratio,Vehicle Kilometres Travelled
0.6,0.7,1.0,33408.3259548283,86185.50000000022,23.142992646533745,7952.2197559518745,157.70969061144234,1.9354930017396175,1.0725977823029145,698999.3049050046