Capacity Factor A,Capacity Factor F,FFTT Factor,TSTT,Total Demand,Average Time (min),Average Distance (m),Congestion(%),Weighted Link Congestion,Weighted VC Ratio,Vehicle Kilometres Travelled
0.6,0.7,1.0,36742.43480309446,91185.49999999988,24.06127306222093,8295.985400973292,163.76322518854255,2.033090508942171,1.1201635675054147,737297.8022731328