Capacity Factor A,Capacity Factor F,FFTT Factor,TSTT,Total Demand,Average Time (min),Average Distance (m),Congestion(%),Weighted Link Congestion,Weighted VC Ratio,Vehicle Kilometres Travelled
0.6,0.7,1.0,61649.60954496056,88185.50000000006,41.74381777787122,8210.630064340083,530.0157606499142,2.8365168935379543,1.1825594359225287,755749.1875079791