Capacity Factor A,Capacity Factor F,FFTT Factor,TSTT,Total Demand,Average Time (min),Average Distance (m),Congestion(%),Weighted Link Congestion,Weighted VC Ratio,Vehicle Kilometres Travelled
0.6,0.7,1.0,38740.08807847922,93185.50000000013,24.82053872338953,8028.097748563906,171.23336348436763,2.0909959036048447,1.143097423598374,753256.165665723