Capacity Factor A,Capacity Factor F,FFTT Factor,TSTT,Total Demand,Average Time (min),Average Distance (m),Congestion(%),Weighted Link Congestion,Weighted VC Ratio,Vehicle Kilometres Travelled
0.6,0.7,1.0,6023.084260810656,38185.50000000005,9.417737759195418,6835.025383411951,16.693931742403635,1.0779055865253109,0.4229750695964338,261145.07472288213