Capacity Factor A,Capacity Factor F,FFTT Factor,TSTT,Total Demand,Average Time (min),Average Distance (m),Congestion(%),Weighted Link Congestion,Weighted VC Ratio,Vehicle Kilometres Travelled
0.6,0.7,1.0,6977.943369324614,41185.50000000006,10.123896715546161,7038.329034411105,22.65868007003229,1.1019919475494608,0.46712572246214185,288475.8079158282