Capacity Factor A,Capacity Factor F,FFTT Factor,TSTT,Total Demand,Average Time (min),Average Distance (m),Congestion(%),Weighted Link Congestion,Weighted VC Ratio,Vehicle Kilometres Travelled
0.6,0.7,1.0,25300.718737137773,82185.49999999948,18.379998952803543,7653.630049924661,111.20533011937982,1.6808905838616763,0.9712029491212693,617500.0890260338