Capacity Factor A,Capacity Factor F,FFTT Factor,TSTT,Total Demand,Average Time (min),Average Distance (m),Congestion(%),Weighted Link Congestion,Weighted VC Ratio,Vehicle Kilometres Travelled
0.6,0.7,1.0,35445.2388604551,77185.50000000001,27.424028701493064,7854.326076830612,312.84666637541403,2.0591185297037273,0.9874360410392917,615148.187866299