Capacity Factor A,Capacity Factor F,FFTT Factor,TSTT,Total Demand,Average Time (min),Average Distance (m),Congestion(%),Weighted Link Congestion,Weighted VC Ratio,Vehicle Kilometres Travelled
0.6,0.7,1.0,94243.32514534138,402799.99999999674,13.970408194540184,10846.595268917677,41.77850403767766,1.2431945956388484,0.7105213663115713,4391890.324496517