Capacity Factor A,Capacity Factor F,FFTT Factor,TSTT,Total Demand,Average Time (min),Average Distance (m),Congestion(%),Weighted Link Congestion,Weighted VC Ratio,Vehicle Kilometres Travelled
0.6,0.7,1.0,5216.793301226093,34185.50000000002,9.114693276801775,6856.315487275192,13.777156110352262,1.0608128620020594,0.38013530661137274,234085.6500020606