Capacity Factor A,Capacity Factor F,FFTT Factor,TSTT,Total Demand,Average Time (min),Average Distance (m),Congestion(%),Weighted Link Congestion,Weighted VC Ratio,Vehicle Kilometres Travelled
0.6,0.7,1.0,5127.871402789319,33185.499999999935,9.228270098494587,6913.752817393966,13.52806728503837,1.0566301186138072,0.3720638034065844,230018.0074309526