Capacity Factor A,Capacity Factor F,FFTT Factor,TSTT,Total Demand,Average Time (min),Average Distance (m),Congestion(%),Weighted Link Congestion,Weighted VC Ratio,Vehicle Kilometres Travelled
0.6,0.7,1.0,4665.091394816737,32185.499999999938,8.65869675444746,6770.617298913649,8.08182606498864,1.041986053944731,0.35283505521653974,218453.11754631228