Capacity Factor A,Capacity Factor F,FFTT Factor,TSTT,Total Demand,Average Time (min),Average Distance (m),Congestion(%),Weighted Link Congestion,Weighted VC Ratio,Vehicle Kilometres Travelled
0.6,0.7,1.0,14246.955517374274,61185.50000000003,13.904936281389904,7300.32020899804,69.25733239561016,1.311880977363248,0.707085784476415,450386.97473734897