Capacity Factor A,Capacity Factor F,FFTT Factor,TSTT,Total Demand,Average Time (min),Average Distance (m),Congestion(%),Weighted Link Congestion,Weighted VC Ratio,Vehicle Kilometres Travelled
0.6,0.7,1.0,21698.681212652922,132409.9999999984,9.783739158824412,7855.347674776508,24.62605059145295,1.148279981129913,0.6502938976970201,1042016.2693786257