Capacity Factor A,Capacity Factor F,FFTT Factor,TSTT,Total Demand,Average Time (min),Average Distance (m),Congestion(%),Weighted Link Congestion,Weighted VC Ratio,Vehicle Kilometres Travelled
0.6,0.7,1.0,5288.582503520654,34185.50000000002,9.238052946033829,6908.2247769443,12.75887584034563,1.0598560360435378,0.3862764555979945,235950.1058135423