Capacity Factor A,Capacity Factor F,FFTT Factor,TSTT,Total Demand,Average Time (min),Average Distance (m),Congestion(%),Weighted Link Congestion,Weighted VC Ratio,Vehicle Kilometres Travelled
0.6,0.7,1.0,11062.90580796594,57185.500000000015,11.552444707629778,7132.884836375922,36.702378479934225,1.2136212094819427,0.6433657424528323,406930.09569105366