Capacity Factor A,Capacity Factor F,FFTT Factor,TSTT,Total Demand,Average Time (min),Average Distance (m),Congestion(%),Weighted Link Congestion,Weighted VC Ratio,Vehicle Kilometres Travelled
0.6,0.7,1.0,10271.540624821368,54185.50000000011,11.318623698019456,6975.183982165981,36.28632906796172,1.1905840174560063,0.6077741157996481,381969.07862087357