Capacity Factor A,Capacity Factor F,FFTT Factor,TSTT,Total Demand,Average Time (min),Average Distance (m),Congestion(%),Weighted Link Congestion,Weighted VC Ratio,Vehicle Kilometres Travelled
0.6,0.7,1.0,10130.668128252822,53185.499999999985,11.374804048825453,7150.91185706805,33.53143068583697,1.1813868939491297,0.6010933336212647,380327.9359875923