Capacity Factor A,Capacity Factor F,FFTT Factor,TSTT,Total Demand,Average Time (min),Average Distance (m),Congestion(%),Weighted Link Congestion,Weighted VC Ratio,Vehicle Kilometres Travelled
0.6,0.7,1.0,20694.622239589968,128409.9999999995,9.623291635081038,7872.257278917248,22.622185154394202,1.1360138336503578,0.6307847660561898,1007923.2147085406