Capacity Factor A,Capacity Factor F,FFTT Factor,TSTT,Total Demand,Average Time (min),Average Distance (m),Congestion(%),Weighted Link Congestion,Weighted VC Ratio,Vehicle Kilometres Travelled
0.6,0.7,1.0,21465.678401733345,77185.50000000001,16.604545633921987,7495.753404864209,92.78475413935116,1.552801504287094,0.9009899982216565,572955.0833084281