Capacity Factor A,Capacity Factor F,FFTT Factor,TSTT,Total Demand,Average Time (min),Average Distance (m),Congestion(%),Weighted Link Congestion,Weighted VC Ratio,Vehicle Kilometres Travelled
0.6,0.7,1.0,240289.53452991936,316409.99999999604,45.34595082984663,8400.226396731034,451.2436230702046,4.166682890208226,1.6268639201885375,2677044.1426995667