Capacity Factor A,Capacity Factor F,FFTT Factor,TSTT,Total Demand,Average Time (min),Average Distance (m),Congestion(%),Weighted Link Congestion,Weighted VC Ratio,Vehicle Kilometres Travelled
0.6,0.7,1.0,588520.9447443038,824044.0000000028,42.6424782944073,8593.142789273403,441.5613061245832,3.4209189644894193,1.4804879007102723,7085819.830865871