Capacity Factor A,Capacity Factor F,FFTT Factor,TSTT,Total Demand,Average Time (min),Average Distance (m),Congestion(%),Weighted Link Congestion,Weighted VC Ratio,Vehicle Kilometres Travelled
0.6,0.7,1.0,5467.616465211294,36185.499999999985,9.026139357594424,6815.531727767244,12.74076206961887,1.0589236212662705,0.394697768125951,248511.46917128388