Capacity Factor A,Capacity Factor F,FFTT Factor,TSTT,Total Demand,Average Time (min),Average Distance (m),Congestion(%),Weighted Link Congestion,Weighted VC Ratio,Vehicle Kilometres Travelled
0.6,0.7,1.0,4935.296069450963,32185.499999999938,9.155246388932165,6924.116845557724,12.633579460312717,1.0526828183800467,0.363927273821487,222698.4598279633