Capacity Factor A,Capacity Factor F,FFTT Factor,TSTT,Total Demand,Average Time (min),Average Distance (m),Congestion(%),Weighted Link Congestion,Weighted VC Ratio,Vehicle Kilometres Travelled
0.6,0.7,1.0,28590.508320927544,85185.49999999996,20.039677911650205,7616.650854331318,157.15518857871254,1.784511402490129,0.9902101194415509,642403.9650135183