Capacity Factor A,Capacity Factor F,FFTT Factor,TSTT,Total Demand,Average Time (min),Average Distance (m),Congestion(%),Weighted Link Congestion,Weighted VC Ratio,Vehicle Kilometres Travelled
0.6,0.7,1.0,11495.441080503353,59185.50000000013,11.597244593724064,7047.500385503757,37.256994171138324,1.2229960528013655,0.6601179569469083,419064.7626248625