Capacity Factor A,Capacity Factor F,FFTT Factor,TSTT,Total Demand,Average Time (min),Average Distance (m),Congestion(%),Weighted Link Congestion,Weighted VC Ratio,Vehicle Kilometres Travelled
0.6,0.7,1.0,45456.49329561263,176096.0000000018,15.411957844360094,13838.98007432241,32.65680511108968,1.1530538992536594,0.5674597488885373,2443764.6001204723