Capacity Factor A,Capacity Factor F,FFTT Factor,TSTT,Total Demand,Average Time (min),Average Distance (m),Congestion(%),Weighted Link Congestion,Weighted VC Ratio,Vehicle Kilometres Travelled
0.6,0.7,1.0,4757.408497515486,32185.499999999938,8.826721040504259,6758.577132384493,11.154487757743503,1.0484847443280703,0.35290311031107285,218471.97538710016