Capacity Factor A,Capacity Factor F,FFTT Factor,TSTT,Total Demand,Average Time (min),Average Distance (m),Congestion(%),Weighted Link Congestion,Weighted VC Ratio,Vehicle Kilometres Travelled
0.6,0.7,1.0,23650.21457807563,82185.49999999948,17.181439935549342,7376.960560138942,94.60276724587229,1.6219807598150606,0.9552655382312367,610752.1012003182