Capacity Factor A,Capacity Factor F,FFTT Factor,TSTT,Total Demand,Average Time (min),Average Distance (m),Congestion(%),Weighted Link Congestion,Weighted VC Ratio,Vehicle Kilometres Travelled
0.6,0.7,1.0,45985.03871513042,94185.49999999974,29.150523182676693,7998.796900366483,261.1145185866018,2.2915162951971624,1.1647571791221196,778956.315323843