Capacity Factor A,Capacity Factor F,FFTT Factor,TSTT,Total Demand,Average Time (min),Average Distance (m),Congestion(%),Weighted Link Congestion,Weighted VC Ratio,Vehicle Kilometres Travelled
0.6,0.7,1.0,31626.56065074588,87185.50000000006,21.660142422958135,7813.224481383489,177.25827662490136,1.8826012549205546,1.0316062608450633,676598.3717681053