Capacity Factor A,Capacity Factor F,FFTT Factor,TSTT,Total Demand,Average Time (min),Average Distance (m),Congestion(%),Weighted Link Congestion,Weighted VC Ratio,Vehicle Kilometres Travelled
0.6,0.7,1.0,5457.64729649513,35185.500000000065,9.262262432224826,6870.930736038941,13.24818490542803,1.0617749873599847,0.393276008424094,242681.47581284706