Capacity Factor A,Capacity Factor F,FFTT Factor,TSTT,Total Demand,Average Time (min),Average Distance (m),Congestion(%),Weighted Link Congestion,Weighted VC Ratio,Vehicle Kilometres Travelled
0.6,0.7,1.0,5269.840365525919,34185.50000000002,9.204674244905783,6865.734585256911,12.595545154333498,1.0582784826098772,0.3851687874746573,235289.5036245894