Capacity Factor A,Capacity Factor F,FFTT Factor,TSTT,Total Demand,Average Time (min),Average Distance (m),Congestion(%),Weighted Link Congestion,Weighted VC Ratio,Vehicle Kilometres Travelled
0.6,0.7,1.0,605285.7555346607,756842.0000000092,47.752128781491365,17754.193942520615,197.03273060271172,1.9726461345205037,1.1916770302593471,1.3497440645997584E7