Capacity Factor A,Capacity Factor F,FFTT Factor,TSTT,Total Demand,Average Time (min),Average Distance (m),Congestion(%),Weighted Link Congestion,Weighted VC Ratio,Vehicle Kilometres Travelled
0.6,0.7,1.0,26831.500197135807,69185.49999999984,23.154989179028263,8077.160456879933,226.45182381823568,1.7657433692043367,0.8908983961218063,557140.8610871973