Capacity Factor A,Capacity Factor F,FFTT Factor,TSTT,Total Demand,Average Time (min),Average Distance (m),Congestion(%),Weighted Link Congestion,Weighted VC Ratio,Vehicle Kilometres Travelled
0.6,0.7,1.0,9804.416794461158,54185.50000000011,10.802557741949697,6939.554777432426,29.29250579637721,1.1702123583558455,0.600965125179572,381240.30912694