Capacity Factor A,Capacity Factor F,FFTT Factor,TSTT,Total Demand,Average Time (min),Average Distance (m),Congestion(%),Weighted Link Congestion,Weighted VC Ratio,Vehicle Kilometres Travelled
0.6,0.7,1.0,42274.105735427474,93185.50000000013,27.09305442588201,8206.455156957518,199.3380117447979,2.2122058033092293,1.165794035452467,764533.5191682634