Capacity Factor A,Capacity Factor F,FFTT Factor,TSTT,Total Demand,Average Time (min),Average Distance (m),Congestion(%),Weighted Link Congestion,Weighted VC Ratio,Vehicle Kilometres Travelled
0.6,0.7,1.0,12734.85961012593,60185.49999999984,12.633105899806155,7100.796748627793,50.119971957299555,1.2716311510131548,0.687110774628338,433361.53710811737