Capacity Factor A,Capacity Factor F,FFTT Factor,TSTT,Total Demand,Average Time (min),Average Distance (m),Congestion(%),Weighted Link Congestion,Weighted VC Ratio,Vehicle Kilometres Travelled
0.6,0.7,1.0,56454.92985140813,86185.50000000022,39.10876677607106,8564.442879192535,487.1124635642976,2.6832903049694945,1.1510543914963758,734683.1304699728