Capacity Factor A,Capacity Factor F,FFTT Factor,TSTT,Total Demand,Average Time (min),Average Distance (m),Congestion(%),Weighted Link Congestion,Weighted VC Ratio,Vehicle Kilometres Travelled
0.6,0.7,1.0,28496.0785220092,72185.49999999994,23.572593014867344,7761.552520203386,246.89499053688087,1.8361737515150178,0.9210171051612418,568276.2788004362