Capacity Factor A,Capacity Factor F,FFTT Factor,TSTT,Total Demand,Average Time (min),Average Distance (m),Congestion(%),Weighted Link Congestion,Weighted VC Ratio,Vehicle Kilometres Travelled
0.6,0.7,1.0,9621.073632143904,52185.499999999774,11.008986991667635,6989.699924046653,33.10069066180124,1.1711978338722089,0.5835425885675525,366730.1868964694