Capacity Factor A,Capacity Factor F,FFTT Factor,TSTT,Total Demand,Average Time (min),Average Distance (m),Congestion(%),Weighted Link Congestion,Weighted VC Ratio,Vehicle Kilometres Travelled
0.6,0.7,1.0,118252.44766666974,264409.9999999997,26.70895418530777,8296.34070446339,226.77954591265922,2.5690666271085467,1.3453003610215082,2211959.1552506583