Capacity Factor A,Capacity Factor F,FFTT Factor,TSTT,Total Demand,Average Time (min),Average Distance (m),Congestion(%),Weighted Link Congestion,Weighted VC Ratio,Vehicle Kilometres Travelled
0.6,0.7,1.0,12431.53162996169,60185.49999999984,12.332494067142388,7130.771746444185,47.21090955643952,1.257357539557861,0.6760804346621955,428575.2316517117