Capacity Factor A,Capacity Factor F,FFTT Factor,TSTT,Total Demand,Average Time (min),Average Distance (m),Congestion(%),Weighted Link Congestion,Weighted VC Ratio,Vehicle Kilometres Travelled
0.6,0.7,1.0,64229.959651349884,320791.99999999977,11.957072891418855,6628.732000733717,83.88181595816822,1.4131968731271953,0.9031917656551647,2132884.5749835824