Capacity Factor A,Capacity Factor F,FFTT Factor,TSTT,Total Demand,Average Time (min),Average Distance (m),Congestion(%),Weighted Link Congestion,Weighted VC Ratio,Vehicle Kilometres Travelled
0.6,0.7,1.0,6776.985881461387,40185.50000000004,10.06836343362978,6994.14679162272,22.12004510965211,1.0994194326739186,0.4599492050423876,282108.94545595703