Capacity Factor A,Capacity Factor F,FFTT Factor,TSTT,Total Demand,Average Time (min),Average Distance (m),Congestion(%),Weighted Link Congestion,Weighted VC Ratio,Vehicle Kilometres Travelled
0.6,0.7,1.0,49729.823245571395,258999.9999999991,11.46438865112835,6136.592103178965,88.47052565790703,1.4479120124563687,0.7939928255232785,1600456.8819780736