Capacity Factor A,Capacity Factor F,FFTT Factor,TSTT,Total Demand,Average Time (min),Average Distance (m),Congestion(%),Weighted Link Congestion,Weighted VC Ratio,Vehicle Kilometres Travelled
0.6,0.7,1.0,64455.599357200175,89185.5000000003,43.15255919252318,8359.09688413016,552.6604465282744,2.9182900578440383,1.1983926891124321,766051.9922051248