Capacity Factor A,Capacity Factor F,FFTT Factor,TSTT,Total Demand,Average Time (min),Average Distance (m),Congestion(%),Weighted Link Congestion,Weighted VC Ratio,Vehicle Kilometres Travelled
0.6,0.7,1.0,7461.711054345499,44185.49999999998,10.083497437675591,7035.213313360866,20.980559733713335,1.1065704482461463,0.49563941308317394,311079.39128612843