Capacity Factor A,Capacity Factor F,FFTT Factor,TSTT,Total Demand,Average Time (min),Average Distance (m),Congestion(%),Weighted Link Congestion,Weighted VC Ratio,Vehicle Kilometres Travelled
0.6,0.7,1.0,8142.351062801505,47185.49999999997,10.306129116074855,7039.768898341403,27.341958008239597,1.127694093545087,0.5263795834961048,332981.2321115198