Capacity Factor A,Capacity Factor F,FFTT Factor,TSTT,Total Demand,Average Time (min),Average Distance (m),Congestion(%),Weighted Link Congestion,Weighted VC Ratio,Vehicle Kilometres Travelled
0.6,0.7,1.0,17910.10662655703,116409.99999999891,9.189179662379875,7773.87103101622,17.69445612405267,1.1027516418182821,0.5718016135468829,907406.9309871659