Capacity Factor A,Capacity Factor F,FFTT Factor,TSTT,Total Demand,Average Time (min),Average Distance (m),Congestion(%),Weighted Link Congestion,Weighted VC Ratio,Vehicle Kilometres Travelled
0.6,0.7,1.0,6452.7306699139435,41185.50000000006,9.354247429023184,6898.57859595748,14.66437278126278,1.0800662108677013,0.45285370892555377,283709.4775204243