Capacity Factor A,Capacity Factor F,FFTT Factor,TSTT,Total Demand,Average Time (min),Average Distance (m),Congestion(%),Weighted Link Congestion,Weighted VC Ratio,Vehicle Kilometres Travelled
0.6,0.7,1.0,87015.9169694113,426290.00000000175,12.19226213314815,10820.685167076046,47.18570768524355,1.218448419100734,0.5755830819179754,4638577.377276804