Capacity Factor A,Capacity Factor F,FFTT Factor,TSTT,Total Demand,Average Time (min),Average Distance (m),Congestion(%),Weighted Link Congestion,Weighted VC Ratio,Vehicle Kilometres Travelled
0.6,0.7,1.0,94323.47780753783,246096.00000000076,22.884970492031137,13996.388588070702,99.3995783109318,1.499387212724752,0.8335712170491799,3464059.3585709827