Capacity Factor A,Capacity Factor F,FFTT Factor,TSTT,Total Demand,Average Time (min),Average Distance (m),Congestion(%),Weighted Link Congestion,Weighted VC Ratio,Vehicle Kilometres Travelled
0.6,0.7,1.0,9034.836648540188,44185.49999999998,12.208119445350192,7327.104302019949,59.991452498463445,1.1710817033030323,0.5244888301860543,323373.4600431618