Capacity Factor A,Capacity Factor F,FFTT Factor,TSTT,Total Demand,Average Time (min),Average Distance (m),Congestion(%),Weighted Link Congestion,Weighted VC Ratio,Vehicle Kilometres Travelled
0.6,0.7,1.0,32557.622475418088,230789.99999999997,8.42344057486643,10730.0167599386,7.938874504223481,1.032734993010768,0.29784431970541936,2470958.530831123