Capacity Factor A,Capacity Factor F,FFTT Factor,TSTT,Total Demand,Average Time (min),Average Distance (m),Congestion(%),Weighted Link Congestion,Weighted VC Ratio,Vehicle Kilometres Travelled
0.6,0.7,1.0,35039.375231819686,93185.50000000013,22.453528496796245,7660.708019777456,149.10622916023993,1.9980476605612882,1.1177711283451168,726751.6082626431