Capacity Factor A,Capacity Factor F,FFTT Factor,TSTT,Total Demand,Average Time (min),Average Distance (m),Congestion(%),Weighted Link Congestion,Weighted VC Ratio,Vehicle Kilometres Travelled
0.6,0.7,1.0,82686.82764808516,234096.00000000303,21.089960547914963,14021.706164889103,83.35220801470365,1.4149144496117247,0.7869086581432836,3285947.2830841513