Capacity Factor A,Capacity Factor F,FFTT Factor,TSTT,Total Demand,Average Time (min),Average Distance (m),Congestion(%),Weighted Link Congestion,Weighted VC Ratio,Vehicle Kilometres Travelled
0.6,0.7,1.0,21961.174190718055,74185.49999999991,17.67658390279819,7605.185906401356,100.89180516930547,1.56549727014251,0.8901708322475491,568381.9816913623