Capacity Factor A,Capacity Factor F,FFTT Factor,TSTT,Total Demand,Average Time (min),Average Distance (m),Congestion(%),Weighted Link Congestion,Weighted VC Ratio,Vehicle Kilometres Travelled
0.6,0.7,1.0,43029.03463571948,96185.4999999998,26.70960343224435,8328.331639698312,190.56268697047986,2.224599198600398,1.1860202746248367,782638.8492923327