Capacity Factor A,Capacity Factor F,FFTT Factor,TSTT,Total Demand,Average Time (min),Average Distance (m),Congestion(%),Weighted Link Congestion,Weighted VC Ratio,Vehicle Kilometres Travelled
0.6,0.7,1.0,32460.74600480101,142096.00000000108,13.641865481625125,13756.071523848308,17.0420248731171,1.0771737769761183,0.4494866040435467,1962209.2228941128