Capacity Factor A,Capacity Factor F,FFTT Factor,TSTT,Total Demand,Average Time (min),Average Distance (m),Congestion(%),Weighted Link Congestion,Weighted VC Ratio,Vehicle Kilometres Travelled
0.6,0.7,1.0,35087.50058384231,172410.00000000134,12.15395907343964,8022.4919073543815,52.30886401276278,1.3365083197978391,0.8527634824277951,1387098.43565609