Capacity Factor A,Capacity Factor F,FFTT Factor,TSTT,Total Demand,Average Time (min),Average Distance (m),Congestion(%),Weighted Link Congestion,Weighted VC Ratio,Vehicle Kilometres Travelled
0.6,0.7,1.0,264823.8833463733,559914.0000000065,28.24149653360349,17177.70125645239,75.70829165321744,1.3313005906669293,0.8341544270241104,9648374.685648082