Capacity Factor A,Capacity Factor F,FFTT Factor,TSTT,Total Demand,Average Time (min),Average Distance (m),Congestion(%),Weighted Link Congestion,Weighted VC Ratio,Vehicle Kilometres Travelled
0.6,0.7,1.0,31679.360081029896,88185.50000000006,21.44783908128679,7559.596146976548,175.8086191921415,1.8837698441407293,1.0311014702445405,670408.1466729846