Capacity Factor A,Capacity Factor F,FFTT Factor,TSTT,Total Demand,Average Time (min),Average Distance (m),Congestion(%),Weighted Link Congestion,Weighted VC Ratio,Vehicle Kilometres Travelled
0.6,0.7,1.0,7993.216235523843,41185.50000000006,11.587217816640663,7180.53608098299,51.49687049668756,1.1408425274494112,0.4846906275856827,298074.638071791