Capacity Factor A,Capacity Factor F,FFTT Factor,TSTT,Total Demand,Average Time (min),Average Distance (m),Congestion(%),Weighted Link Congestion,Weighted VC Ratio,Vehicle Kilometres Travelled
0.6,0.7,1.0,14086.718318019139,64185.49999999995,13.103925218721125,7045.1806880801905,65.6201141908739,1.3098419457137003,0.716599530874023,461793.1503447319