Capacity Factor A,Capacity Factor F,FFTT Factor,TSTT,Total Demand,Average Time (min),Average Distance (m),Congestion(%),Weighted Link Congestion,Weighted VC Ratio,Vehicle Kilometres Travelled
0.6,0.7,1.0,13695.43290519573,64185.49999999995,12.74090935267743,7136.122909075182,49.25003015878819,1.2951400933855566,0.7251044678853371,464473.5957381681