Capacity Factor A,Capacity Factor F,FFTT Factor,TSTT,Total Demand,Average Time (min),Average Distance (m),Congestion(%),Weighted Link Congestion,Weighted VC Ratio,Vehicle Kilometres Travelled
0.6,0.7,1.0,178199.68646146907,302096.0000000002,35.218261045695186,14159.689996961273,209.64866518080552,2.093378762591092,1.0558529906653962,4303398.553458584