Capacity Factor A,Capacity Factor F,FFTT Factor,TSTT,Total Demand,Average Time (min),Average Distance (m),Congestion(%),Weighted Link Congestion,Weighted VC Ratio,Vehicle Kilometres Travelled
0.6,0.7,1.0,43409.18025197583,82185.49999999948,31.53475238984889,8010.750210657644,386.44850289750667,2.3089411188285345,1.0570424468762718,652863.8520289215