Capacity Factor A,Capacity Factor F,FFTT Factor,TSTT,Total Demand,Average Time (min),Average Distance (m),Congestion(%),Weighted Link Congestion,Weighted VC Ratio,Vehicle Kilometres Travelled
0.6,0.7,1.0,16135.921963906654,70185.49999999971,13.725849419898504,7052.666563299173,59.29856369768285,1.3712799653613141,0.7986151308535407,508900.1823974482