Capacity Factor A,Capacity Factor F,FFTT Factor,TSTT,Total Demand,Average Time (min),Average Distance (m),Congestion(%),Weighted Link Congestion,Weighted VC Ratio,Vehicle Kilometres Travelled
0.6,0.7,1.0,14186.385118503595,64185.49999999995,13.196523388836846,7151.795150038138,56.35931548282631,1.3134562226943036,0.734100814129227,461922.5871350723