Capacity Factor A,Capacity Factor F,FFTT Factor,TSTT,Total Demand,Average Time (min),Average Distance (m),Congestion(%),Weighted Link Congestion,Weighted VC Ratio,Vehicle Kilometres Travelled
0.6,0.7,1.0,6556.958001504871,41185.50000000006,9.506600876084104,6935.263075456805,17.990542158775114,1.084608065578906,0.45451233072763064,285158.4292567555